INSERT INTO Campos (ID_campo, Nombre, Longitud, Latitud, Sup_Area, Uso) VALUES
('9', 'San Nicolas ', '18.0649', '59.3326', '368', 'Industrial'),
('4', 'Pedro Antonio', '25.0111', '55.0556', '1624', 'Agrícola'),
('2', 'San Nicolas ', '-2.6809', '52.9956', '7648', 'Residencial'),
('11', 'Luis Miguel', '-1.6858', '48.151', '5404', 'Industrial'),
('16', 'Carlos Andres', '8.9667', '48.0667', '5089', 'Agrícola'),
('15', 'Juan Carlos', '23.5833', '46.0667', '1530', 'Industrial'),
('7', 'Carmen Lucia', '-1.3943', '41.9335', '8794', 'Residencial'),
('3', 'Santa Rosa ', '35.8624', '40.9661', '5082', 'Educacional'),
('14', 'Laura Sofia', '-78.9427', '40.4939', '3876', 'Residencial'),
('10', 'Rosa Maria', '-79.8487', '40.1851', '8262', 'Industrial'),
('12', 'San Nicolas ', '33.0543', '39.1793', '8902', 'Educacional'),
('13', 'Los Sorsales ', '2.663', '35.9335', '2798', 'Agrícola'),
('8', 'Luis Miguel', '132.8948', '35.2492', '8780', 'Comercial'),
('6', 'Ana Patricia', '103.6992', '1.3515', '6612', 'Agrícola'),
('5', 'Maria Fernanda', '176.9833', '-39.6333', '8221', 'Agrícola'),
('1', 'El Condor', '150.7748', '-33.93', '4428', 'Comercial');


INSERT INTO Clientes (ID_clnt, Nombre, Tel, Ubicacion, Email) VALUES
('46', 'Ashbey Hehl', '+994 974 110 0077', 'Azerbaijan', 'ashbey.hehl@live.nl'),
('2', 'Sibylla Littleton', '+971 866 944 0034', 'United Arab Emirates', 'sibylla.littleton@gm'),
('86', 'Clerissa Ratcliffe', '+971 662 163 0058', 'United Arab Emirates', 'clerissa.ratcliffe@y'),
('65', 'Pablo Harring', '+94 655 938 0000', 'Sri Lanka', 'pablo.harring@yahoo.'),
('56', 'Fernandina Mulhall', '+91 926 295 0017', 'India', 'fernandina.mulhall@h'),
('53', 'Ealasaid Rawsthorne', '+91 835 045 0045', 'India', 'ealasaid.rawsthorne@'),
('35', 'Frants Blindermann', '+91 783 338 0049', 'India', 'frants.blindermann@y'),
('72', 'Nealson Rudge', '+91 589 126 0034', 'India', 'nealson.rudge@yahoo.'),
('66', 'Lanny Devonport', '+91 480 602 0009', 'India', 'lanny.devonport@yaho'),
('28', 'Elisabet Nealey', '+91 399 383 0089', 'India', 'elisabet.nealey@hotm'),
('33', 'Laurel Stenyng', '+91 375 053 0024', 'India', 'laurel.stenyng@gmail'),
('47', 'Lucille Castro', '+90 988 669 0032', 'Turkey', 'lucille.castro@gmail'),
('61', 'Jackson Embery', '+90 852 951 0009', 'Turkey', 'jackson.embery@gmail'),
('57', 'Krystalle Reyne', '+90 831 507 0017', 'Turkey', 'krystalle.reyne@redi'),
('82', 'Patin McAlister', '+90 510 535 0095', 'Turkey', 'patin.mcalister@hotm'),
('77', 'Raddie Goulder', '+90 453 391 0097', 'Turkey', 'raddie.goulder@neuf.'),
('48', 'Mufinella Mead', '+90 338 625 0007', 'Turkey', 'mufinella.mead@comca'),
('14', 'Stephannie Edginton', '+90 146 039 0009', 'Turkey', 'stephannie.edginton@'),
('21', 'Hayden Insole', '+90 112 162 0062', 'Turkey', 'hayden.insole@terra.'),
('87', 'Mavra Delos', '+82 626 383 0057', 'South Korea', 'mavra.delos@yahoo.fr'),
('26', 'Oneida Corbie', '+82 529 226 0043', 'South Korea', 'oneida.corbie@gmail.'),
('94', 'Robbie Trevallion', '+82 418 127 0082', 'South Korea', 'robbie.trevallion@ya'),
('95', 'Leontyne Boick', '+82 388 517 0032', 'South Korea', 'leontyne.boick@chart'),
('64', 'Craggy Lickorish', '+81 806 004 0008', 'Japan', 'craggy.lickorish@ig.'),
('37', 'Almeta Smorthwaite', '+81 005 701 0085', 'Japan', 'almeta.smorthwaite@a'),
('5', 'Tommy Aaronsohn', '+7 975 291 0071', 'Russia', 'tommy.aaronsohn@yaho'),
('81', 'Rosina McNeigh', '+7 629 516 0085', 'Russia', 'rosina.mcneigh@gmail'),
('93', 'Latrina Bolger', '+7 503 150 0075', 'Russia', 'latrina.bolger@yahoo'),
('43', 'Mame Marshalleck', '+7 225 960 0019', 'Russia', 'mame.marshalleck@hot'),
('92', 'Joletta Gladdin', '+65 874 987 0092', 'Singapore', 'joletta.gladdin@yaho'),
('75', 'Rosina Gheeraert', '+65 365 231 0008', 'Singapore', 'rosina.gheeraert@msn'),
('49', 'Sully Teggin', '+65 325 889 0081', 'Singapore', 'sully.teggin@gmx.de'),
('74', 'Cicily Sloyan', '+65 238 105 0025', 'Singapore', 'cicily.sloyan@yahoo.'),
('98', 'Ber Dionisii', '+65 150 793 0033', 'Singapore', 'ber.dionisii@yahoo.f'),
('71', 'Billie Iczokvitz', '+65 079 944 0024', 'Singapore', 'billie.iczokvitz@yah'),
('23', 'Ginnie Stivey', '+64 851 401 0020', 'New Zealand', 'ginnie.stivey@aol.co'),
('40', 'Leonora Lenney', '+63 080 182 0080', 'Philippines', 'leonora.lenney@wanad'),
('38', 'Ailina McPeeters', '+61 986 910 0089', 'Australia', 'ailina.mcpeeters@yah'),
('17', 'Ortensia Massimi', '+61 853 995 0000', 'Australia', 'ortensia.massimi@gma'),
('91', 'Branden Messitt', '+61 541 595 0004', 'Australia', 'branden.messitt@gmai'),
('41', 'Tasia Bruck', '+61 491 361 0099', 'Australia', 'tasia.bruck@yahoo.co'),
('52', 'Emogene Pasque', '+55 478 358 0061', 'Brazil', 'emogene.pasque@yahoo'),
('36', 'Ertha McFadden', '+54 842 162 0000', 'Argentina', 'ertha.mcfadden@gmail'),
('31', 'Valentine Tutchings', '+54 783 590 0072', 'Argentina', 'valentine.tutchings@'),
('80', 'Morse Warlaw', '+54 692 225 0039', 'Argentina', 'morse.warlaw@yahoo.i'),
('9', 'Vivian Sobey', '+54 469 965 0014', 'Argentina', 'vivian.sobey@hotmail'),
('50', 'Lilla Impey', '+54 348 627 0042', 'Argentina', 'lilla.impey@hotmail.'),
('22', 'Zola Dawidowitz', '+54 212 373 0040', 'Argentina', 'zola.dawidowitz@yaho'),
('97', 'Marketa Hafford', '+52 453 328 0047', 'Mexico', 'marketa.hafford@gmai'),
('24', 'Lamont Barbier', '+52 168 648 0090', 'Mexico', 'lamont.barbier@yahoo'),
('85', 'Claudell Hinks', '+52 136 807 0008', 'Mexico', 'claudell.hinks@ig.co'),
('44', 'Etta Regina', '+52 003 004 0041', 'Mexico', 'etta.regina@hotmail.'),
('15', 'Alysia Kinnaird', '+51 614 138 0042', 'Peru', 'alysia.kinnaird@libe'),
('58', 'Freddy Rickword', '+51 079 636 0033', 'Peru', 'freddy.rickword@yaho'),
('73', 'Tatum Calway', '+51 017 504 0093', 'Peru', 'tatum.calway@yahoo.c'),
('13', 'Dore Waterfield', '+49 877 945 0081', 'Germany', 'dore.waterfield@gmai'),
('25', 'Helena Tolomio', '+49 538 493 0073', 'Germany', 'helena.tolomio@yahoo'),
('19', 'Berkie Danielczyk', '+48 318 323 0055', 'Poland', 'berkie.danielczyk@ya'),
('59', 'Cassie Scriviner', '+46 582 402 0093', 'Sweden', 'cassie.scriviner@gma'),
('32', 'Dolorita Paschek', '+46 555 820 0050', 'Sweden', 'dolorita.paschek@yah'),
('100', 'Isahella Pallasch', '+46 259 970 0091', 'Sweden', 'isahella.pallasch@ya'),
('29', 'Myrtle Clericoates', '+44 639 224 0004', 'United Kingdom', 'myrtle.clericoates@h'),
('99', 'Larine Asple', '+43 804 283 0045', 'Austria', 'larine.asple@aol.com'),
('20', 'Roslyn Le Grys', '+43 468 222 0070', 'Austria', 'roslyn.legrys@yahoo.'),
('8', 'Monika Ayce', '+421 857 666 0074', 'Slovakia', 'monika.ayce@live.it'),
('79', 'Sherie Gambrell', '+421 438 931 0002', 'Slovakia', 'sherie.gambrell@yaho'),
('27', 'Dasha Gabriely', '+420 834 297 0093', 'Czech Republic', 'dasha.gabriely@gmx.d'),
('84', 'Tabbatha Sandwich', '+420 187 553 0021', 'Czech Republic', 'tabbatha.sandwich@ho'),
('54', 'Mahalia Febvre', '+40 921 278 0044', 'Romania', 'mahalia.febvre@wanad'),
('3', 'Aaron Affleck', '+40 641 955 0034', 'Romania', 'aaron.affleck@alice.'),
('10', 'Joey Slade', '+40 530 266 0072', 'Romania', 'joey.slade@yahoo.com'),
('78', 'Anette Roberti', '+39 891 616 0036', 'Italy', 'anette.roberti@veriz'),
('6', 'Haslett Muckian', '+39 692 785 0035', 'Italy', 'haslett.muckian@gmai'),
('70', 'Olivero Asee', '+380 438 187 0023', 'Ukraine', 'olivero.asee@gmail.c'),
('4', 'Raye Van der Daal', '+380 426 180 0085', 'Ukraine', 'raye.vanderdaal@hotm'),
('51', 'Dari Dumingo', '+380 238 198 0027', 'Ukraine', 'dari.dumingo@wanadoo'),
('1', 'Kelvin Pearson', '+372 072 637 0075', 'Estonia', 'kelvin.pearson@hotma'),
('69', 'Elianora MacLaig', '+371 701 201 0013', 'Latvia', 'elianora.maclaig@yah'),
('30', 'Minnnie Maffeo', '+370 949 509 0051', 'Lithuania', 'minnnie.maffeo@gmail'),
('11', 'Berni Woollacott', '+351 816 664 0015', 'Portugal', 'berni.woollacott@ter'),
('90', 'Nancee Conville', '+351 800 645 0033', 'Portugal', 'nancee.conville@gmai'),
('12', 'Monroe Kettoe', '+351 793 616 0050', 'Portugal', 'monroe.kettoe@hotmai'),
('34', 'Pietrek Flockhart', '+351 726 941 0037', 'Portugal', 'pietrek.flockhart@ho'),
('68', 'Karlee Trowill', '+34 921 536 0019', 'Spain', 'karlee.trowill@hotma'),
('96', 'Erick Featherstonhau', '+34 838 375 0038', 'Spain', 'erick.featherstonhau'),
('88', 'Judas Scotchmoor', '+34 759 073 0041', 'Spain', 'judas.scotchmoor@wan'),
('39', 'Hy Thorndycraft', '+34 737 688 0045', 'Spain', 'hy.thorndycraft@hotm'),
('18', 'Bobina Verman', '+34 726 005 0014', 'Spain', 'bobina.verman@yahoo.'),
('45', 'Dasya Fitchett', '+34 549 465 0028', 'Spain', 'dasya.fitchett@yahoo'),
('76', 'Sutherlan Lesek', '+34 047 522 0004', 'Spain', 'sutherlan.lesek@yaho'),
('89', 'Brigitte Bernardino', '+33 925 350 0084', 'France', 'brigitte.bernardino@'),
('60', 'Carola Sauter', '+33 750 248 0090', 'France', 'carola.sauter@hotmai'),
('42', 'Mariquilla Willoughb', '+33 462 571 0071', 'France', 'mariquilla.willoughb'),
('7', 'Nanette Coppard', '+298 402 191 0087', 'Faroe Islands', 'nanette.coppard@yaho'),
('16', 'Jory Mitchall', '+1 785 642 0015', 'United States', 'jory.mitchall@gmail.'),
('67', 'Giovanna Kilroy', '+1 769 359 0054', 'United States', 'giovanna.kilroy@gmai'),
('55', 'Zollie Criag', '+1 737 345 0011', 'United States', 'zollie.criag@yahoo.c'),
('63', 'Sarita Bauer', '+1 678 863 0026', 'United States', 'sarita.bauer@gmail.c'),
('83', 'Lamont Richardsson', '+1 651 747 0091', 'United States', 'lamont.richardsson@y'),
('62', 'Kamila Meindl', '+1 620 619 0058', 'United States', 'kamila.meindl@hotmai');

INSERT INTO Cultivos (ID_cultivo, Campo, Tipo_cultivo, Cntd_sem, Cntd_cshd, Cntd_disp, Fecha_smbra, Fecha_cshd) VALUES
('60', '11', 'Naranja', '101', '134', '418', '2024-10-06', '2025-02-13'),
('13', '11', 'Naranja', '149', '733', '958', '2024-09-25', '2024-08-29'),
('4', '2', 'Manzana', '162', '60', '917', '2024-04-06', '2024-07-11'),
('21', '6', 'Té', '163', '365', '682', '2024-04-28', '2024-05-10'),
('69', '8', 'Naranja', '184', '39', '575', '2024-06-17', '2024-12-19'),
('70', '16', 'Café', '202', '776', '416', '2024-04-05', '2024-09-02'),
('88', '6', 'Papa', '202', '373', '626', '2024-06-25', '2024-11-01'),
('15', '15', 'Naranja', '208', '908', '300', '2024-12-05', '2024-11-24'),
('9', '1', 'Soja', '211', '657', '984', '2024-12-12', '2024-04-11'),
('33', '1', 'Cacao', '218', '92', '719', '2024-06-21', '2024-10-31'),
('6', '10', 'Oliva', '220', '706', '175', '2024-06-17', '2024-06-26'),
('19', '7', 'Manzana', '223', '123', '265', '2025-01-30', '2024-03-25'),
('79', '9', 'Cacao', '228', '724', '25', '2024-06-24', '2024-08-11'),
('58', '14', 'Caña de azúcar', '244', '298', '509', '2025-03-01', '2024-07-22'),
('85', '4', 'Uva', '245', '875', '776', '2025-01-16', '2024-10-16'),
('43', '16', 'Cacao', '25', '754', '718', '2025-01-08', '2024-09-03'),
('54', '4', 'Uva', '259', '452', '469', '2024-04-13', '2024-07-21'),
('57', '10', 'Lúpulo', '274', '795', '280', '2024-03-26', '2024-03-31'),
('28', '14', 'Girasol', '286', '277', '993', '2024-12-04', '2024-10-15'),
('32', '10', 'Café', '299', '870', '384', '2024-07-16', '2024-04-23'),
('10', '3', 'Trigo', '311', '198', '933', '2024-06-04', '2024-10-07'),
('45', '13', 'Arroz', '333', '710', '410', '2024-11-12', '2024-10-19'),
('41', '15', 'Sorgo', '341', '426', '316', '2024-06-13', '2025-02-21'),
('64', '7', 'Algodón', '35', '568', '618', '2024-11-24', '2024-11-15'),
('82', '3', 'Uva', '351', '566', '728', '2024-09-03', '2024-11-10'),
('55', '3', 'Lúpulo', '352', '908', '59', '2024-03-05', '2025-01-06'),
('3', '16', 'Sorgo', '371', '70', '485', '2024-08-28', '2024-11-18'),
('11', '6', 'Sorgo', '385', '933', '220', '2024-07-19', '2024-11-29'),
('98', '4', 'Soja', '386', '25', '846', '2025-02-13', '2024-11-08'),
('51', '12', 'Caña de azúcar', '408', '86', '922', '2025-01-23', '2024-05-08'),
('52', '9', 'Sorgo', '424', '537', '655', '2024-06-01', '2024-10-31'),
('49', '15', 'Café', '464', '668', '89', '2024-04-21', '2024-12-31'),
('97', '14', 'Banana', '468', '621', '633', '2024-07-25', '2025-02-22'),
('73', '7', 'Café', '47', '108', '288', '2024-04-03', '2025-01-11'),
('17', '9', 'Arroz', '472', '401', '585', '2025-01-29', '2024-05-23'),
('71', '4', 'Trigo', '472', '532', '965', '2024-11-12', '2024-06-27'),
('95', '9', 'Maíz', '482', '70', '336', '2024-09-21', '2024-03-30'),
('29', '5', 'Lúpulo', '490', '51', '80', '2024-03-16', '2024-08-08'),
('56', '6', 'Trigo', '500', '305', '768', '2024-05-22', '2025-02-02'),
('89', '11', 'Papa', '504', '642', '256', '2024-05-05', '2024-07-20'),
('47', '4', 'Manzana', '538', '37', '322', '2024-07-25', '2024-05-18'),
('46', '14', 'Arroz', '546', '618', '778', '2024-08-06', '2024-04-28'),
('1', '7', 'Arroz', '559', '32', '421', '2024-06-13', '2025-01-31'),
('40', '2', 'Trigo', '57', '626', '386', '2024-08-25', '2024-03-12'),
('96', '8', 'Girasol', '57', '709', '85', '2024-09-24', '2025-02-12'),
('66', '2', 'Cacao', '582', '954', '723', '2025-03-01', '2025-02-14'),
('91', '13', 'Cacao', '582', '922', '66', '2024-06-26', '2024-03-10'),
('72', '13', 'Cacao', '590', '426', '246', '2025-01-27', '2024-10-30'),
('30', '16', 'Banana', '619', '890', '497', '2024-12-21', '2024-07-17'),
('7', '13', 'Cacao', '629', '648', '576', '2025-01-22', '2024-07-22'),
('31', '13', 'Caña de azúcar', '630', '788', '801', '2024-12-07', '2024-12-31'),
('36', '5', 'Soja', '637', '671', '480', '2025-01-31', '2024-12-10'),
('26', '2', 'Maíz', '641', '627', '295', '2024-11-29', '2025-01-17'),
('61', '1', 'Arroz', '641', '164', '29', '2024-10-24', '2024-09-22'),
('8', '8', 'Trigo', '647', '234', '179', '2024-08-11', '2024-07-20'),
('24', '4', 'Papa', '66', '187', '562', '2024-10-24', '2024-07-30'),
('38', '12', 'Uva', '66', '274', '502', '2024-08-31', '2024-05-29'),
('59', '13', 'Algodón', '66', '528', '614', '2024-12-30', '2025-02-07'),
('93', '7', 'Cebada', '693', '642', '290', '2024-06-07', '2024-08-08'),
('63', '5', 'Oliva', '694', '735', '811', '2024-06-10', '2024-03-10'),
('92', '12', 'Lúpulo', '694', '793', '474', '2024-11-07', '2024-09-28'),
('78', '12', 'Tomate', '70', '290', '334', '2024-04-14', '2024-03-13'),
('86', '1', 'Maíz', '709', '321', '99', '2025-02-07', '2024-09-29'),
('35', '9', 'Arroz', '712', '145', '334', '2024-04-30', '2025-01-07'),
('87', '2', 'Uva', '72', '19', '922', '2024-06-24', '2025-01-25'),
('42', '8', 'Café', '737', '995', '851', '2024-07-07', '2024-07-22'),
('18', '1', 'Cebada', '754', '75', '653', '2024-09-07', '2024-03-27'),
('12', '12', 'Caña de azúcar', '762', '475', '844', '2024-08-01', '2024-04-15'),
('16', '4', 'Oliva', '777', '840', '728', '2025-01-17', '2024-06-05'),
('77', '10', 'Tomate', '778', '601', '390', '2024-11-02', '2024-03-28'),
('44', '6', 'Café', '779', '803', '467', '2025-03-02', '2024-09-26'),
('65', '6', 'Uva', '793', '364', '43', '2024-08-29', '2025-02-06'),
('84', '15', 'Uva', '809', '577', '706', '2024-04-06', '2024-10-03'),
('37', '3', 'Soja', '813', '679', '593', '2024-11-04', '2025-01-01'),
('74', '11', 'Naranja', '815', '543', '881', '2024-09-06', '2024-12-29'),
('5', '5', 'Soja', '816', '885', '689', '2024-04-05', '2024-11-18'),
('81', '5', 'Banana', '826', '851', '520', '2024-10-17', '2024-04-21'),
('2', '9', 'Oliva', '846', '356', '856', '2024-11-28', '2024-08-13'),
('100', '1', 'Oliva', '857', '520', '254', '2024-12-29', '2024-08-02'),
('83', '10', 'Banana', '864', '316', '855', '2024-09-24', '2024-10-12'),
('34', '7', 'Lúpulo', '874', '550', '755', '2024-05-12', '2024-11-30'),
('39', '10', 'Maíz', '88', '517', '709', '2024-04-10', '2024-11-15'),
('14', '14', 'Naranja', '881', '4', '718', '2024-09-18', '2024-10-24'),
('67', '14', 'Té', '894', '968', '372', '2024-11-04', '2024-05-22'),
('23', '3', 'Banana', '903', '265', '843', '2025-01-31', '2024-12-09'),
('94', '14', 'Uva', '92', '223', '589', '2024-09-19', '2024-04-12'),
('20', '8', 'Tomate', '931', '194', '303', '2025-01-25', '2024-03-29'),
('48', '11', 'Trigo', '937', '81', '734', '2024-08-12', '2024-12-24'),
('27', '11', 'Tomate', '939', '379', '614', '2024-09-05', '2024-11-01'),
('80', '1', 'Sorgo', '941', '533', '817', '2024-05-07', '2024-07-30'),
('25', '12', 'Cacao', '948', '345', '881', '2024-08-07', '2024-08-22'),
('68', '15', 'Uva', '95', '853', '192', '2024-12-16', '2024-04-21'),
('75', '3', 'Tomate', '950', '566', '929', '2024-03-24', '2024-09-08'),
('99', '11', 'Oliva', '950', '935', '901', '2025-01-20', '2024-12-23'),
('22', '15', 'Soja', '953', '941', '178', '2024-05-22', '2025-02-25'),
('50', '16', 'Naranja', '958', '490', '518', '2024-07-07', '2024-07-23'),
('62', '2', 'Lúpulo', '971', '296', '193', '2025-01-23', '2024-10-20'),
('90', '16', 'Soja', '974', '269', '776', '2024-10-26', '2024-05-30'),
('76', '5', 'Sorgo', '982', '159', '126', '2024-11-22', '2024-10-29'),
('53', '8', 'Sorgo', '999', '559', '954', '2024-05-11', '2024-07-21');


INSERT INTO Empleados (ID_emp, Campo, Nombre, DNI, Tel, Fecha_nac, Inicio_lab, Especializacion) VALUES
('1', '5', 'Morie Syddon', '23204297-O', '+40 674 955 0049', '1994-05-11', '2024-09-01 06:51:49', 'Atención al Cliente'),
('2', '1', 'Claybourne Egarr', '77104813-A', '+90 985 092 0077', '1969-06-24', '2025-02-11 00:54:53', 'Atención al Cliente'),
('3', '6', 'Artus Tollady', '66135066-Q', '+90 611 639 0060', '1967-10-22', '2024-03-07 12:05:10', 'Ventas'),
('4', '12', 'Nance Scneider', '53159130-x', '+65 668 990 0007', '1947-12-13', '2024-07-20 19:20:04', 'Educación'),
('5', '10', 'Chantalle Tersay', '65189818-n', '+48 997 228 0090', '2004-08-03', '2024-05-08 07:32:17', 'Mantenimiento'),
('6', '11', 'Kissee Arrigucci', '20450077-B', '+65 362 638 0056', '1986-07-05', '2024-12-13 17:10:56', 'Marketing'),
('7', '8', 'Franklyn Hobbing', '42658014-y', '+49 491 549 0052', '1952-01-13', '2024-08-06 05:57:24', 'Producción'),
('8', '16', 'Theodora Leckey', '77891618-r', '+33 851 424 0079', '1989-01-09', '2024-04-21 16:19:19', 'Marketing'),
('9', '7', 'Inesita Radolf', '08118865-G', '+46 990 767 0055', '1985-05-25', '2024-12-11 21:40:03', 'Control de Calidad'),
('10', '15', 'Marne Arnison', '58102736-Z', '+49 546 321 0088', '1970-09-23', '2025-02-02 15:24:01', 'Contabilidad'),
('11', '3', 'Halette Genever', '02853282-z', '+46 641 069 0042', '1946-10-10', '2025-01-29 00:12:45', 'Ingeniería Civil'),
('12', '14', 'Bettina Castello', '14419014-j', '+40 106 094 0084', '1958-04-07', '2024-07-12 07:31:20', 'Logística'),
('13', '4', 'Chuck Mahony', '74300224-S', '+44 299 081 0073', '1964-08-08', '2024-03-25 07:26:49', 'Control de Calidad'),
('14', '13', 'Lucho Gowanlock', '26778185-W', '+91 722 055 0040', '2001-12-01', '2024-10-22 07:21:52', 'Educación'),
('15', '2', 'Carlota Osichev', '84554361-N', '+213 197 393 0015', '1974-01-31', '2024-11-20 09:30:40', 'Producción'),
('16', '9', 'Al Seegar', '82166631-k', '+49 312 389 0098', '2007-02-21', '2024-05-09 13:27:39', 'Ventas'),
('17', '5', 'Robbin Mathivon', '34580318-d', '+61 080 852 0073', '1990-08-24', '2024-06-25 06:48:36', 'Arquitectura'),
('18', '12', 'Dulcinea Lydden', '19325069-Q', '+31 804 573 0071', '1948-08-12', '2024-08-10 20:14:45', 'Marketing'),
('19', '15', 'Rita Creegan', '12009902-o', '+7 442 816 0007', '1988-09-20', '2024-11-27 11:41:35', 'Educación'),
('20', '13', 'Delora Kimber', '35939433-O', '+372 405 245 0011', '1960-10-12', '2024-09-27 06:38:53', 'Mantenimiento'),
('21', '9', 'Virginia Kiln', '30490374-U', '+47 909 989 0029', '1949-01-16', '2024-08-11 01:45:30', 'Control de Calidad'),
('22', '4', 'Constantine Bilovsky', '85426777-d', '+351 868 257 0025', '1958-11-24', '2024-08-19 13:39:53', 'Producción'),
('23', '2', 'Tillie Draxford', '11745935-A', '+48 682 497 0093', '1947-10-21', '2024-04-15 07:33:21', 'Mantenimiento'),
('24', '8', 'Timmi Lamburne', '44553229-b', '+61 390 051 0026', '2000-04-25', '2024-05-03 10:02:43', 'Ingeniería Civil'),
('25', '16', 'Ofella Rasor', '73754782-x', '+40 545 545 0065', '1960-11-20', '2025-01-01 09:04:49', 'Contabilidad'),
('26', '6', 'Colette Twaits', '90389179-W', '+352 134 472 0051', '1957-07-21', '2024-08-05 05:54:09', 'Contabilidad'),
('27', '10', 'Mathilda Agett', '29254549-M', '+90 730 995 0002', '1953-01-02', '2025-02-18 21:40:32', 'Control de Calidad'),
('28', '11', 'Nicolea Tremayle', '05147783-M', '+1 989 363 0090', '1984-11-02', '2024-05-19 23:24:03', 'Logística'),
('29', '1', 'Sonya Thomassin', '88458330-m', '+1 206 410 0059', '1997-07-16', '2024-06-15 02:03:37', 'Contabilidad'),
('30', '3', 'Oona Gile', '83343458-r', '+7 930 733 0061', '1995-03-17', '2025-03-01 09:12:00', 'Contabilidad'),
('31', '7', 'Leon Dobrovolny', '24156941-j', '+43 123 463 0057', '1978-07-05', '2024-11-19 11:46:00', 'Arquitectura'),
('32', '14', 'Kissiah Rentcome', '89492953-H', '+40 807 748 0054', '1961-09-13', '2025-02-17 04:20:39', 'Educación'),
('33', '11', 'Susana Maylard', '51514080-y', '+49 355 811 0023', '1995-03-11', '2025-01-27 14:51:30', 'Control de Calidad'),
('34', '9', 'Theo Thecham', '21170047-M', '+48 351 501 0057', '1952-07-19', '2024-09-23 08:58:58', 'Educación'),
('35', '16', 'Asia Bousfield', '02798688-P', '+254 974 657 0048', '1982-04-13', '2024-03-26 06:06:21', 'Producción'),
('36', '12', 'Douglas Malenoir', '88241543-D', '+91 716 253 0094', '1954-01-03', '2024-12-11 16:13:33', 'Contabilidad'),
('37', '14', 'Sherwynd Woodrough', '60788374-y', '+7 280 257 0062', '1960-10-18', '2024-04-16 22:56:47', 'Marketing'),
('38', '1', 'Sayres Duckering', '32319213-T', '+81 734 405 0012', '1985-04-28', '2024-07-23 07:45:47', 'Ventas'),
('39', '10', 'Hadleigh Heisham', '28076377-i', '+82 762 341 0048', '1969-01-17', '2025-02-16 13:55:37', 'Contabilidad'),
('40', '7', 'Edith Petrovic', '41608325-G', '+52 018 854 0085', '1985-01-02', '2025-02-04 06:23:02', 'Control de Calidad'),
('41', '8', 'Rhianna Wesley', '95155103-P', '+65 778 926 0064', '1947-03-07', '2025-01-12 22:05:30', 'Producción'),
('42', '3', 'Michell Mauro', '58317620-u', '+351 561 857 0059', '1948-08-27', '2024-04-21 18:51:32', 'Educación'),
('43', '2', 'Anatol Thelwll', '39811360-n', '+91 759 908 0065', '1985-08-16', '2024-12-02 01:38:46', 'Atención al Cliente'),
('44', '15', 'Rosabelle Bernardi', '24896951-T', '+7 719 638 0068', '1979-11-25', '2024-12-22 21:19:34', 'Logística'),
('45', '5', 'Philipa Westgarth', '63283198-B', '+1 620 993 0020', '1970-09-04', '2024-09-02 16:36:37', 'Control de Calidad'),
('46', '4', 'Elyn Lucus', '45900190-F', '+81 874 442 0006', '1990-09-29', '2024-04-03 19:45:29', 'Ingeniería Civil'),
('47', '13', 'Dodie Stavers', '10383807-n', '+55 740 080 0060', '2005-04-18', '2024-07-24 06:46:39', 'Educación'),
('48', '6', 'Elora DeSousa', '38100688-V', '+971 902 082 0048', '1975-11-28', '2024-06-11 18:38:28', 'Marketing'),
('49', '9', 'Rubia Flaxman', '99400236-F', '+33 291 410 0090', '1977-10-27', '2024-05-01 02:39:29', 'Atención al Cliente'),
('50', '8', 'Amandi Garbett', '30405208-K', '+7 231 950 0082', '1956-08-31', '2024-03-08 00:03:27', 'Ingeniería Civil'),
('51', '4', 'Abbye Shackesby', '05270117-L', '+420 419 837 0053', '1999-03-12', '2024-05-29 14:41:22', 'Mantenimiento'),
('52', '3', 'Misha Bonefant', '48037274-G', '+61 989 629 0011', '1987-09-15', '2024-10-31 16:20:29', 'Mantenimiento'),
('53', '6', 'Ashlin Aires', '41915113-K', '+91 777 573 0033', '1971-06-22', '2024-06-25 07:38:11', 'Contabilidad'),
('54', '10', 'Demott Jewise', '60401464-N', '+61 461 836 0053', '1975-08-29', '2024-10-16 14:16:13', 'Control de Calidad'),
('55', '14', 'Betsey Kenwell', '43070154-d', '+90 703 556 0028', '1952-01-07', '2024-10-05 01:06:32', 'Educación'),
('56', '13', 'Sigismondo Dillway', '23362770-p', '+40 678 858 0024', '1962-09-24', '2025-03-03 00:00:42', 'Arquitectura'),
('57', '11', 'Shannah Sterland', '76801899-Z', '+7 836 625 0083', '1990-06-27', '2024-06-04 21:55:03', 'Marketing'),
('58', '1', 'Octavia Hewins', '43236050-H', '+44 508 495 0008', '2000-02-24', '2024-06-10 22:55:00', 'Marketing'),
('59', '2', 'Robby Rizzello', '83528815-D', '+46 043 196 0087', '1986-03-28', '2024-04-24 22:53:59', 'Educación'),
('60', '5', 'Goldia Dolley', '81014267-D', '+54 886 847 0050', '1972-01-06', '2025-01-16 16:06:03', 'Control de Calidad'),
('61', '7', 'Vonni Raeburn', '69697014-M', '+65 555 745 0083', '1955-10-26', '2024-03-05 21:38:52', 'Control de Calidad'),
('62', '15', 'Leoine Houlston', '91795176-T', '+46 228 750 0044', '1969-04-28', '2024-10-23 07:36:09', 'Ventas'),
('63', '16', 'Conn Villa', '76699493-d', '+44 529 549 0089', '1986-09-02', '2024-04-13 21:47:32', 'Control de Calidad'),
('64', '12', 'Georgia Weaving', '56292927-s', '+48 774 151 0057', '1947-12-22', '2024-08-31 10:10:45', 'Contabilidad'),
('65', '3', 'Theresa Furneaux', '00468112-A', '+46 093 676 0087', '1999-01-20', '2024-10-16 06:12:46', 'Contabilidad'),
('66', '14', 'Yolande Britner', '84278102-Z', '+46 728 220 0028', '1964-08-24', '2024-06-06 04:05:16', 'Educación'),
('67', '4', 'Alleyn Glassard', '82625486-O', '+48 887 446 0050', '1952-10-03', '2025-01-19 09:17:05', 'Ingeniería Civil'),
('68', '13', 'Mel Ianelli', '96376855-M', '+48 164 243 0075', '1969-02-06', '2025-02-03 02:17:16', 'Atención al Cliente'),
('69', '2', 'Anne Gilardone', '65501336-L', '+43 497 377 0055', '2005-01-26', '2024-08-10 14:07:09', 'Contabilidad'),
('70', '9', 'Elaina Colliford', '40576665-f', '+40 275 920 0013', '1974-06-27', '2024-05-20 21:44:26', 'Ventas'),
('71', '5', 'Dianemarie McCarron', '30823369-v', '+593 566 612 0027', '1959-11-27', '2024-04-22 12:51:57', 'Marketing'),
('72', '1', 'Courtney Tenwick', '10307977-g', '+351 520 302 0063', '1950-05-11', '2024-11-12 18:27:13', 'Contabilidad'),
('73', '6', 'Margarete Simacek', '26962716-q', '+61 774 949 0041', '1983-05-16', '2024-04-08 06:38:30', 'Atención al Cliente'),
('74', '12', 'Julietta Ingraham', '59379393-N', '+81 997 851 0054', '1960-01-18', '2024-11-27 06:35:04', 'Contabilidad'),
('75', '10', 'Doralyn Amsden', '91846077-b', '+91 534 224 0072', '1979-12-22', '2024-05-11 07:59:58', 'Contabilidad'),
('76', '11', 'Robbi Timothy', '03710644-d', '+48 778 176 0028', '1961-05-30', '2024-06-17 20:45:30', 'Atención al Cliente'),
('77', '8', 'Lilah Jannaway', '22554351-Y', '+52 328 771 0012', '1966-06-17', '2024-06-11 07:32:27', 'Contabilidad'),
('78', '16', 'Daryn Marmion', '33092271-t', '+7 556 847 0002', '1987-04-30', '2025-01-30 07:29:50', 'Arquitectura'),
('79', '7', 'Jaquelin Varlow', '00345125-U', '+52 542 677 0009', '1973-02-17', '2024-10-14 03:20:06', 'Mantenimiento'),
('80', '15', 'Howard Hourihane', '51423974-M', '+1 269 758 0077', '2006-07-13', '2024-03-11 05:45:58', 'Ventas'),
('81', '9', 'Tamar McGrudder', '42707879-J', '+420 883 794 0085', '1990-10-10', '2024-12-16 15:36:26', 'Ventas'),
('82', '8', 'Tiffi Isenor', '35271599-W', '+34 782 733 0037', '1995-09-25', '2024-10-11 02:23:10', 'Educación'),
('83', '5', 'Ciel Hodge', '72154384-a', '+40 425 602 0089', '1956-10-25', '2024-12-27 09:33:06', 'Contabilidad'),
('84', '3', 'Beth Stollenhof', '18756477-S', '+40 383 865 0082', '1962-03-04', '2024-12-05 02:32:01', 'Educación'),
('85', '10', 'Adelheid Scimonelli', '52415157-f', '+31 597 553 0093', '1948-09-19', '2024-12-26 04:04:33', 'Mantenimiento'),
('86', '15', 'Guenevere Skerratt', '91188594-f', '+971 398 861 0025', '1956-06-15', '2024-11-10 13:44:02', 'Ingeniería Civil'),
('87', '4', 'Curry MacAindreis', '56472401-N', '+1 530 170 0010', '1973-04-06', '2024-08-22 03:48:48', 'Atención al Cliente'),
('88', '1', 'Keeley Ashe', '15894653-F', '+380 974 919 0058', '1971-12-22', '2024-10-16 22:14:30', 'Marketing'),
('89', '2', 'Adelheid Tyhurst', '26226185-Y', '+373 303 331 0003', '1994-02-16', '2024-11-14 22:21:25', 'Ventas'),
('90', '6', 'Rivy Braidwood', '15715293-x', '+54 071 183 0097', '1965-04-14', '2025-02-14 03:18:56', 'Producción'),
('91', '11', 'Dewey Kilgrew', '62523945-z', '+1 463 414 0004', '1951-08-03', '2024-06-14 10:11:14', 'Logística'),
('92', '16', 'Ailis Alliott', '42565529-U', '+66 992 528 0078', '1957-09-13', '2025-01-10 04:12:59', 'Ventas'),
('93', '13', 'Barclay Cosslett', '87915175-E', '+40 843 685 0089', '1989-05-14', '2024-05-02 15:07:58', 'Ingeniería Civil'),
('94', '12', 'Wainwright Lohoar', '80369418-C', '+56 426 712 0044', '2006-06-28', '2024-07-05 14:23:02', 'Logística'),
('95', '7', 'Dominick Tudhope', '19505050-g', '+48 037 769 0053', '1958-04-28', '2024-09-07 14:49:56', 'Logística'),
('96', '14', 'Butch Stanwix', '97299789-n', '+90 315 854 0044', '1974-07-15', '2024-07-18 01:19:16', 'Marketing'),
('97', '9', 'Flossi Gallandre', '48488480-p', '+54 668 832 0057', '1965-01-19', '2024-05-27 07:20:04', 'Contabilidad'),
('98', '8', 'Nicol Nield', '10946323-f', '+91 505 620 0003', '1986-06-03', '2024-07-25 10:12:57', 'Ingeniería Civil'),
('99', '5', 'Fran Wormald', '12859100-l', '+34 003 966 0036', '1983-05-16', '2024-09-17 21:50:47', 'Ingeniería Civil'),
('100', '3', 'Clerkclaude Southway', '08552600-t', '+57 832 399 0095', '1977-02-28', '2024-09-25 21:59:43', 'Contabilidad');


INSERT INTO Ganado (ID, Campo, Tipo_animal, Precio, Cntd, Ultima_adquisicion) VALUES
('1', '6', 'Caprino', '19.99', '904', '2025-01-19'),
('2', '10', 'Caprino', '2.79', '737', '2024-08-29'),
('3', '11', 'Ezquinos', '5.49', '681', '2024-06-20'),
('4', '1', 'Caprino', '59.99', '955', '2024-05-29'),
('5', '3', 'Bovino', '1.99', '522', '2024-07-11'),
('6', '7', 'Ezquinos', '19.99', '805', '2024-06-11'),
('7', '14', 'Caprino', '4.29', '860', '2024-05-12'),
('8', '5', 'Ezquinos', '2.99', '860', '2024-05-06'),
('9', '12', 'Ezquinos', '29.99', '941', '2024-06-01'),
('10', '15', 'Porcino', '10.99', '40', '2024-07-11'),
('11', '13', 'Aviar', '25.99', '160', '2024-08-09'),
('12', '9', 'Porcino', '5.99', '771', '2024-08-19'),
('13', '4', 'Porcino', '15.99', '904', '2024-11-12'),
('14', '2', 'Bovino', '18.99', '595', '2024-08-29'),
('15', '8', 'Ezquinos', '2.49', '287', '2025-01-19'),
('16', '16', 'Aviar', '39.99', '580', '2024-10-03'),
('17', '3', 'Bovino', '299.99', '539', '2025-01-06'),
('18', '4', 'Caprino', '2.89', '508', '2024-06-12'),
('19', '12', 'Bovino', '29.99', '871', '2024-10-07'),
('20', '2', 'Porcino', '4.19', '25', '2024-09-11'),
('21', '11', 'Aviar', '14.99', '528', '2024-05-31'),
('22', '14', 'Aviar', '24.99', '615', '2024-06-29'),
('23', '5', 'Ezquinos', '12.99', '974', '2024-10-10'),
('24', '16', 'Bovino', '4.99', '353', '2024-04-16'),
('25', '13', 'Caprino', '8.99', '134', '2024-09-12'),
('26', '10', 'Ezquinos', '9.99', '450', '2024-07-26'),
('27', '9', 'Ezquinos', '99.99', '670', '2025-02-06'),
('28', '1', 'Ezquinos', '24.99', '534', '2024-06-26'),
('29', '7', 'Bovino', '3.99', '58', '2024-05-03'),
('30', '8', 'Ezquinos', '39.99', '569', '2024-08-13'),
('31', '6', 'Ezquinos', '19.99', '215', '2025-02-01'),
('32', '15', 'Porcino', '39.99', '33', '2024-08-25'),
('33', '11', 'Caprino', '29.99', '785', '2025-01-06'),
('34', '1', 'Caprino', '12.99', '898', '2024-05-28'),
('35', '3', 'Aviar', '1.99', '540', '2024-10-04'),
('36', '7', 'Bovino', '4.29', '296', '2024-05-07'),
('37', '14', 'Caprino', '59.99', '108', '2024-03-05'),
('38', '5', 'Bovino', '19.99', '323', '2024-11-16'),
('39', '12', 'Ezquinos', '29.99', '889', '2024-04-08'),
('40', '15', 'Bovino', '29.99', '93', '2024-11-05'),
('41', '13', 'Caprino', '49.99', '860', '2024-08-20'),
('42', '9', 'Bovino', '29.99', '768', '2024-09-10'),
('43', '4', 'Porcino', '5.99', '197', '2024-08-18'),
('44', '2', 'Aviar', '3.79', '338', '2024-05-18'),
('45', '8', 'Porcino', '6.99', '259', '2024-09-28'),
('46', '16', 'Aviar', '29.99', '545', '2025-02-23'),
('47', '6', 'Ezquinos', '14.99', '216', '2024-03-20'),
('48', '10', 'Bovino', '6.99', '120', '2024-06-12'),
('49', '10', 'Bovino', '4.99', '737', '2024-10-08'),
('50', '8', 'Porcino', '2.99', '304', '2024-12-14'),
('51', '4', 'Bovino', '79.99', '505', '2024-07-04'),
('52', '7', 'Bovino', '5.49', '535', '2024-05-12'),
('53', '11', 'Bovino', '28.99', '890', '2024-09-12'),
('54', '15', 'Bovino', '39.99', '819', '2024-03-18'),
('55', '3', 'Bovino', '4.49', '309', '2025-02-05'),
('56', '13', 'Aviar', '2.99', '46', '2024-10-06'),
('57', '12', 'Aviar', '15.99', '129', '2024-04-29'),
('58', '2', 'Porcino', '9.99', '109', '2024-11-27'),
('59', '9', 'Porcino', '4.79', '119', '2024-09-10'),
('60', '5', 'Caprino', '2.99', '947', '2025-01-22'),
('61', '6', 'Aviar', '14.99', '882', '2024-06-28'),
('62', '14', 'Aviar', '79.99', '740', '2024-04-12'),
('63', '16', 'Porcino', '3.29', '186', '2024-05-16'),
('64', '1', 'Porcino', '34.99', '21', '2024-03-10'),
('65', '11', 'Bovino', '39.99', '400', '2025-02-12'),
('66', '9', 'Aviar', '39.99', '202', '2024-10-03'),
('67', '16', 'Porcino', '1.29', '373', '2024-03-23'),
('68', '12', 'Aviar', '30', '84', '2025-02-06'),
('69', '14', 'Aviar', '59.99', '809', '2024-03-04'),
('70', '1', 'Bovino', '59.99', '966', '2024-11-04'),
('71', '10', 'Bovino', '24.99', '763', '2024-06-01'),
('72', '7', 'Aviar', '1.99', '845', '2024-06-19'),
('73', '8', 'Aviar', '5.49', '404', '2024-07-02'),
('74', '3', 'Aviar', '6.99', '116', '2024-07-24'),
('75', '2', 'Porcino', '1.99', '471', '2025-01-07'),
('76', '15', 'Aviar', '35.99', '47', '2024-12-10'),
('77', '5', 'Ezquinos', '59.99', '31', '2024-05-22'),
('78', '4', 'Aviar', '6.49', '923', '2024-04-24'),
('79', '13', 'Aviar', '59.99', '118', '2024-08-15'),
('80', '6', 'Porcino', '5.99', '301', '2024-03-31'),
('81', '6', 'Porcino', '5.99', '666', '2025-02-06'),
('82', '10', 'Aviar', '4.99', '549', '2025-01-28'),
('83', '14', 'Bovino', '79.99', '892', '2025-02-21'),
('84', '13', 'Ezquinos', '22.99', '579', '2024-12-06'),
('85', '11', 'Ezquinos', '29.99', '473', '2024-12-11'),
('86', '1', 'Porcino', '5.49', '548', '2024-03-16'),
('87', '2', 'Ezquinos', '2.99', '7', '2024-11-17'),
('88', '5', 'Ezquinos', '14.99', '322', '2025-01-23'),
('89', '7', 'Ezquinos', '27.99', '829', '2024-10-20'),
('90', '15', 'Caprino', '89.99', '811', '2024-03-08'),
('91', '16', 'Ezquinos', '24.99', '154', '2025-02-28'),
('92', '12', 'Ezquinos', '4.49', '711', '2024-08-08'),
('93', '9', 'Aviar', '29.99', '195', '2024-11-04'),
('94', '8', 'Ezquinos', '24.99', '951', '2025-01-18'),
('95', '4', 'Porcino', '4.49', '282', '2024-12-12'),
('96', '3', 'Bovino', '49.99', '100', '2024-05-17'),
('97', '7', 'Porcino', '2.99', '859', '2024-05-23'),
('98', '11', 'Caprino', '29.99', '523', '2024-04-01'),
('99', '3', 'Porcino', '29.99', '453', '2024-06-04'),
('100', '5', 'Aviar', '24.99', '388', '2024-06-15');


INSERT INTO Maquinaria (ID_M, Mdl, Patente, Servis, En_Uso) VALUES
('1', 'BPL-4500', 'HGB-396', '2024-03-13', '0'),
('2', 'QRS-6444', 'AYZ-043', '2024-08-15', '1'),
('3', 'LMT-550', 'RMN-777', '2025-01-30', '1'),
('4', 'MZG-3399', 'LPE-693', '2025-01-06', '0'),
('5', 'ZNB-7800', 'RAA-352', '2024-04-04', '0'),
('6', 'VMF-900', 'BKT-901', '2025-01-25', '0'),
('7', 'CLK-190', 'DWM-388', '2024-03-24', '1'),
('8', 'XRT-2000', 'EYC-072', '2024-05-21', '0'),
('9', 'LMT-550', 'XVV-156', '2024-04-01', '1'),
('10', 'MZG-3399', 'HNM-734', '2024-07-12', '0'),
('11', 'FYN-7200', 'WTL-680', '2025-01-28', '1'),
('12', 'QRS-6444', 'AEM-585', '2024-10-17', '1'),
('13', 'XRT-2000', 'AMU-779', '2024-04-03', '1'),
('14', 'MZG-3399', 'ZNO-737', '2024-12-20', '1'),
('15', 'MZG-3399', 'AII-028', '2024-06-25', '0'),
('16', 'CLK-190', 'PXT-745', '2024-09-15', '1'),
('17', 'OVT-300', 'RNC-620', '2024-05-03', '0'),
('18', 'LMT-550', 'FHR-585', '2024-12-04', '1'),
('19', 'XRT-2000', 'LBZ-090', '2024-09-22', '1'),
('20', 'VMF-900', 'REE-953', '2024-12-14', '0'),
('21', 'XDV-660', 'TGU-820', '2025-01-29', '0'),
('22', 'ZNB-7800', 'MEA-606', '2024-11-05', '1'),
('23', 'OVT-300', 'MEX-202', '2025-02-15', '1'),
('24', 'JKT-890', 'EEJ-292', '2024-05-29', '1'),
('25', 'ZNB-7800', 'NNU-314', '2024-08-18', '0'),
('26', 'XRT-2000', 'PFA-296', '2024-08-08', '0'),
('27', 'JKT-890', 'JCB-264', '2024-09-27', '1'),
('28', 'XRT-2000', 'KWC-999', '2024-04-04', '1'),
('29', 'MZG-3399', 'ULB-625', '2024-06-19', '0'),
('30', 'OVT-300', 'EDE-941', '2024-07-29', '1'),
('31', 'FYN-7200', 'FTU-135', '2024-06-05', '0'),
('32', 'XDV-660', 'CEG-083', '2024-03-29', '0'),
('33', 'BPL-4500', 'SUY-021', '2024-04-23', '1'),
('34', 'QRS-6444', 'IJI-250', '2025-01-24', '1'),
('35', 'OVT-300', 'NYR-255', '2024-09-30', '0'),
('36', 'CLK-190', 'YTV-387', '2024-09-26', '0'),
('37', 'OVT-300', 'IVH-021', '2024-07-15', '1'),
('38', 'XDV-660', 'ANZ-698', '2024-03-29', '0'),
('39', 'MZG-3399', 'YTD-959', '2024-08-16', '0'),
('40', 'CLK-190', 'LCT-591', '2024-04-15', '1'),
('41', 'LMT-550', 'QBP-636', '2024-04-25', '0'),
('42', 'FYN-7200', 'UPX-463', '2025-01-05', '0'),
('43', 'LMT-550', 'QNA-146', '2024-06-29', '1'),
('44', 'QRS-6444', 'MVT-927', '2024-11-07', '1'),
('45', 'OVT-300', 'BIM-327', '2024-10-31', '0'),
('46', 'ZNB-7800', 'NBM-676', '2024-12-09', '1'),
('47', 'CLK-190', 'DPV-950', '2024-05-05', '1'),
('48', 'QRS-6444', 'ZLY-552', '2024-05-05', '0'),
('49', 'ZNB-7800', 'SUX-409', '2024-09-17', '0'),
('50', 'CLK-190', 'WEM-664', '2024-04-14', '1'),
('51', 'JKT-890', 'VNM-494', '2024-12-11', '0'),
('52', 'LMT-550', 'JKJ-903', '2025-02-15', '0'),
('53', 'JKT-890', 'TMB-802', '2024-11-25', '1'),
('54', 'QRS-6444', 'KTB-692', '2024-09-19', '1'),
('55', 'ZNB-7800', 'GZU-056', '2024-11-19', '0'),
('56', 'XDV-660', 'DZJ-994', '2024-07-27', '1'),
('57', 'MZG-3399', 'QWF-222', '2024-05-25', '1'),
('58', 'VMF-900', 'USO-730', '2024-08-21', '0'),
('59', 'LMT-550', 'YOJ-256', '2024-10-20', '1'),
('60', 'OVT-300', 'PFA-579', '2024-05-15', '0'),
('61', 'CLK-190', 'GSQ-761', '2024-03-12', '0'),
('62', 'XDV-660', 'JLQ-620', '2024-06-15', '1'),
('63', 'OVT-300', 'AUB-002', '2024-10-01', '0'),
('64', 'FYN-7200', 'HYX-540', '2024-11-06', '0'),
('65', 'FYN-7200', 'CPC-301', '2024-10-15', '0'),
('66', 'XRT-2000', 'NYW-754', '2024-03-23', '1'),
('67', 'VMF-900', 'ZQM-729', '2024-06-02', '1'),
('68', 'FYN-7200', 'KBW-716', '2024-11-06', '0'),
('69', 'ZNB-7800', 'DVW-404', '2024-06-10', '0'),
('70', 'FYN-7200', 'TOF-871', '2025-02-24', '1'),
('71', 'XDV-660', 'XKL-634', '2024-07-05', '1'),
('72', 'ZNB-7800', 'YLA-981', '2024-11-17', '0'),
('73', 'FYN-7200', 'PAY-086', '2024-06-09', '0'),
('74', 'FYN-7200', 'HLI-097', '2024-03-04', '0'),
('75', 'FYN-7200', 'DWV-354', '2024-07-25', '0'),
('76', 'LMT-550', 'CEM-911', '2024-09-12', '1'),
('77', 'FYN-7200', 'AYX-086', '2024-05-30', '0'),
('78', 'VMF-900', 'OFB-903', '2024-07-12', '1'),
('79', 'FYN-7200', 'UWI-909', '2024-03-18', '0'),
('80', 'FYN-7200', 'GVM-000', '2024-08-02', '1'),
('81', 'FYN-7200', 'AIY-940', '2024-05-16', '1'),
('82', 'QRS-6444', 'OSX-437', '2025-01-10', '0'),
('83', 'CLK-190', 'NBN-127', '2024-09-05', '1'),
('84', 'BPL-4500', 'ACP-095', '2025-02-27', '0'),
('85', 'ZNB-7800', 'WGL-188', '2024-12-05', '1'),
('86', 'CLK-190', 'EQY-628', '2024-05-16', '0'),
('87', 'JKT-890', 'EGP-746', '2024-06-15', '1'),
('88', 'XRT-2000', 'SCJ-087', '2024-12-22', '0'),
('89', 'FYN-7200', 'OPB-489', '2024-12-30', '0'),
('90', 'OVT-300', 'VTK-138', '2024-08-18', '0'),
('91', 'ZNB-7800', 'GCT-440', '2024-11-16', '0'),
('92', 'FYN-7200', 'FLH-200', '2025-01-14', '1'),
('93', 'MZG-3399', 'XQN-050', '2024-07-04', '0'),
('94', 'BPL-4500', 'UGG-765', '2024-04-11', '0'),
('95', 'JKT-890', 'LBW-728', '2024-12-20', '0'),
('96', 'VMF-900', 'MZK-836', '2024-11-22', '1'),
('97', 'XRT-2000', 'BEG-190', '2025-01-07', '1'),
('98', 'XRT-2000', 'FMJ-079', '2024-04-02', '1'),
('99', 'JKT-890', 'VTW-297', '2024-11-19', '1'),
('100', 'JKT-890', 'CIB-375', '2024-09-17', '1');

INSERT INTO Recursos (ID_rec, Campo, RC_nom, Unidades, Tipo, Fecha_vto, Valor_und) VALUES
('1', '1', 'Fectizidas', '6689', 'Consumo', '2024-06-10', '41.56'),
('21', '1', 'Combustibles', '2006', 'Siembra', '2024-11-20', '40.44'),
('33', '1', 'Semillas', '1580', 'Consumo', '2024-07-26', '56.47'),
('49', '1', 'Alimentos', '6915', 'Siembra', '2024-06-27', '50.24'),
('8', '10', 'Fectizidas', '8320', 'Consumo', '2025-02-18', '52.65'),
('19', '10', 'Semillas', '5438', 'Consumo', '2024-12-28', '37.66'),
('34', '10', 'Gas', '1089', 'Energia', '2024-08-01', '43.89'),
('13', '11', 'Animales', '4255', 'Consumo', '2024-09-27', '61.33'),
('20', '11', 'Agua', '5229', 'Siembra', '2024-12-13', '55.92'),
('38', '11', 'Alimentos', '8210', 'Energia', '2024-05-05', '54.13'),
('3', '12', 'Fectizidas', '6269', 'Consumo', '2024-05-13', '49.94'),
('26', '12', 'Animales', '6501', 'Consumo', '2024-09-01', '37.67'),
('42', '12', 'Gas', '2269', 'Consumo', '2024-07-14', '59.86'),
('10', '13', 'Combustibles', '8319', 'Energia', '2024-11-23', '53.90'),
('28', '13', 'Gas', '4182', 'Energia', '2024-10-05', '37.74'),
('41', '13', 'Agua', '6469', 'Consumo', '2024-09-29', '41.89'),
('50', '13', 'Semillas', '852', 'Siembra', '2024-06-08', '55.09'),
('6', '14', 'Combustibles', '7540', 'Consumo', '2024-10-07', '53.62'),
('24', '14', 'Semillas', '2411', 'Energia', '2024-07-02', '49.62'),
('47', '14', 'Gas', '4399', 'Energia', '2024-10-11', '41.04'),
('16', '15', 'Agua', '1982', 'Siembra', '2024-10-14', '48.18'),
('27', '15', 'Alimentos', '9946', 'Energia', '2024-12-31', '54.41'),
('39', '15', 'Fectizidas', '4973', 'Energia', '2024-07-20', '61.33'),
('2', '16', 'Gas', '3941', 'Siembra', '2024-06-14', '48.31'),
('17', '16', 'Alimentos', '5496', 'Energia', '2024-09-15', '46.52'),
('48', '16', 'Semillas', '8914', 'Siembra', '2024-04-26', '61.99'),
('5', '2', 'Fectizidas', '8322', 'Energia', '2025-01-08', '37.51'),
('31', '2', 'Animales', '3216', 'Siembra', '2025-02-22', '47.91'),
('43', '2', 'Fertilizantes', '7865', 'Consumo', '2025-03-03', '37.80'),
('12', '3', 'Agua', '8333', 'Siembra', '2024-04-16', '54.28'),
('22', '3', 'Alimentos', '9982', 'Energia', '2024-12-21', '48.76'),
('40', '3', 'Fertilizantes', '9448', 'Energia', '2024-12-24', '59.31'),
('7', '4', 'Gas', '126', 'Consumo', '2024-05-31', '46.99'),
('30', '4', 'Animales', '7872', 'Consumo', '2024-06-13', '42.97'),
('36', '4', 'Semillas', '6504', 'Siembra', '2024-08-24', '59.54'),
('14', '5', 'Fertilizantes', '6860', 'Consumo', '2024-06-21', '60.04'),
('25', '5', 'Combustibles', '7444', 'Siembra', '2024-05-31', '48.16'),
('45', '5', 'Semillas', '2301', 'Consumo', '2025-01-28', '38.84'),
('15', '6', 'Gas', '8910', 'Siembra', '2025-01-31', '41.73'),
('18', '6', 'Semillas', '3394', 'Energia', '2024-12-27', '49.87'),
('46', '6', 'Alimentos', '4251', 'Energia', '2024-12-30', '50.29'),
('4', '7', 'Fectizidas', '7262', 'Energia', '2024-09-11', '37.29'),
('23', '7', 'Gas', '9378', 'Consumo', '2024-08-06', '45.78'),
('37', '7', 'Fertilizantes', '2872', 'Siembra', '2024-10-26', '44.29'),
('9', '8', 'Fectizidas', '9448', 'Energia', '2024-09-07', '49.75'),
('32', '8', 'Semillas', '3799', 'Consumo', '2024-12-31', '52.91'),
('35', '8', 'Fertilizantes', '155', 'Consumo', '2024-12-15', '38.41'),
('11', '9', 'Fectizidas', '1745', 'Energia', '2024-06-04', '42.32'),
('29', '9', 'Fertilizantes', '4496', 'Energia', '2024-05-03', '52.31'),
('44', '9', 'Gas', '7495', 'Consumo', '2024-11-16', '59.01');



INSERT INTO Movimiento_Recursos(ID_mov, ID_rec, Destino, Ctd, Fecha) VALUES
('1', '21', 'Consumo', '640', '2024-06-25'),
('2', '47', 'Consumo', '874', '2024-09-21'),
('3', '36', 'Consumo', '267', '2024-07-30'),
('4', '39', 'Consumo', '918', '2024-03-24'),
('5', '31', 'Venta ', '304', '2024-09-02'),
('6', '11', 'Consumo', '943', '2024-03-15'),
('7', '37', 'Venta ', '507', '2024-04-08'),
('8', '29', 'Venta ', '996', '2024-07-02'),
('9', '32', 'Consumo', '518', '2024-09-25'),
('10', '8', 'Compra ', '989', '2024-04-21'),
('11', '7', 'Consumo', '762', '2025-01-07'),
('12', '6', 'Compra ', '107', '2024-10-30'),
('13', '15', 'Compra ', '197', '2024-06-14'),
('14', '26', 'Consumo', '910', '2024-08-21'),
('15', '3', 'Compra ', '632', '2024-10-19'),
('16', '42', 'Consumo', '607', '2024-09-21'),
('17', '41', 'Venta ', '415', '2024-06-10'),
('18', '10', 'Compra ', '961', '2024-05-03'),
('19', '12', 'Compra ', '21', '2024-12-25'),
('20', '18', 'Venta ', '989', '2024-06-08'),
('21', '20', 'Consumo', '274', '2024-09-16'),
('22', '5', 'Venta ', '326', '2024-10-04'),
('23', '40', 'Consumo', '595', '2024-07-08'),
('24', '48', 'Consumo', '326', '2024-10-09'),
('25', '33', 'Compra ', '448', '2024-05-10'),
('26', '43', 'Consumo', '757', '2024-06-03'),
('27', '2', 'Compra ', '744', '2024-06-03'),
('28', '35', 'Consumo', '132', '2024-07-03'),
('29', '45', 'Consumo', '470', '2024-10-17'),
('30', '30', 'Consumo', '449', '2024-10-13'),
('31', '17', 'Compra ', '4', '2025-02-02'),
('32', '34', 'Venta ', '737', '2024-11-08'),
('33', '16', 'Consumo', '136', '2024-03-22'),
('34', '23', 'Compra ', '95', '2024-06-04'),
('35', '9', 'Compra ', '793', '2025-02-14'),
('36', '13', 'Venta ', '400', '2024-07-04'),
('37', '44', 'Consumo', '599', '2024-03-21'),
('38', '22', 'Venta ', '362', '2024-12-22'),
('39', '46', 'Consumo', '272', '2024-05-29'),
('40', '19', 'Venta ', '114', '2025-02-05'),
('41', '25', 'Venta ', '323', '2024-05-10'),
('42', '24', 'Compra ', '34', '2025-02-07'),
('43', '4', 'Venta ', '600', '2024-09-08'),
('44', '28', 'Consumo', '788', '2024-06-18'),
('45', '14', 'Venta ', '512', '2025-02-18'),
('46', '38', 'Consumo', '874', '2024-08-12'),
('47', '1', 'Consumo', '121', '2024-11-11'),
('48', '50', 'Consumo', '829', '2024-06-05'),
('49', '27', 'Compra ', '496', '2025-03-01'),
('50', '49', 'Consumo', '868', '2024-08-11'),
('51', '42', 'Consumo', '909', '2024-03-26'),
('52', '34', 'Venta ', '754', '2024-06-06'),
('53', '14', 'Consumo', '810', '2024-07-22'),
('54', '33', 'Compra ', '755', '2025-01-19'),
('55', '16', 'Venta ', '626', '2024-08-14'),
('56', '22', 'Consumo', '477', '2024-05-17'),
('57', '35', 'Consumo', '914', '2024-08-25'),
('58', '38', 'Consumo', '624', '2024-09-30'),
('59', '12', 'Venta ', '484', '2024-09-17'),
('60', '3', 'Compra ', '208', '2024-03-05'),
('61', '28', 'Consumo', '904', '2024-07-20'),
('62', '20', 'Compra ', '573', '2024-10-16'),
('63', '1', 'Venta ', '193', '2024-11-24'),
('64', '40', 'Venta ', '397', '2024-07-06'),
('65', '36', 'Venta ', '648', '2024-03-19'),
('66', '26', 'Venta ', '519', '2024-06-17'),
('67', '7', 'Compra ', '502', '2024-09-19'),
('68', '30', 'Compra ', '110', '2024-06-21'),
('69', '11', 'Consumo', '613', '2024-07-29'),
('70', '47', 'Compra ', '74', '2024-11-04'),
('71', '41', 'Compra ', '360', '2024-10-10'),
('72', '23', 'Venta ', '951', '2024-11-14'),
('73', '45', 'Venta ', '461', '2024-08-18'),
('74', '19', 'Venta ', '325', '2024-12-09'),
('75', '50', 'Consumo', '896', '2024-10-13'),
('76', '13', 'Consumo', '584', '2024-11-12'),
('77', '15', 'Consumo', '595', '2025-03-02'),
('78', '9', 'Consumo', '986', '2024-04-15'),
('79', '44', 'Venta ', '268', '2024-08-30'),
('80', '10', 'Consumo', '746', '2024-06-09'),
('81', '6', 'Consumo', '699', '2024-09-17'),
('82', '4', 'Consumo', '865', '2024-12-12'),
('83', '27', 'Compra ', '881', '2025-02-17'),
('84', '21', 'Compra ', '79', '2024-06-22'),
('85', '29', 'Venta ', '334', '2024-08-26'),
('86', '18', 'Venta ', '825', '2024-07-06'),
('87', '48', 'Compra ', '954', '2024-12-27'),
('88', '5', 'Compra ', '488', '2024-04-20'),
('89', '25', 'Compra ', '612', '2025-01-27'),
('90', '24', 'Compra ', '494', '2024-11-21'),
('91', '49', 'Consumo', '351', '2025-01-20'),
('92', '32', 'Compra ', '375', '2024-11-19'),
('93', '17', 'Compra ', '365', '2024-11-28'),
('94', '43', 'Venta ', '227', '2025-01-21'),
('95', '2', 'Consumo', '915', '2025-02-18'),
('96', '39', 'Venta ', '78', '2024-09-03'),
('97', '37', 'Venta ', '205', '2025-02-04'),
('98', '31', 'Venta ', '325', '2024-08-17'),
('99', '8', 'Consumo', '10', '2024-09-26'),
('100', '46', 'Compra ', '150', '2024-07-27');


INSERT INTO Proveedores (ID_prov, Nombre, Tel, Ubicacion, Email) VALUES
('1', 'Temple Thebeaud', '+34 766 872 0003', 'Spain', 'temple.thebeaud@sbcg'),
('2', 'Libbey Gregoretti', '+52 754 220 0033', 'Mexico', 'libbey.gregoretti@wa'),
('3', 'Dudley Broddle', '+1 843 633 0048', 'United States', 'dudley.broddle@hotma'),
('4', 'Gerrilee Mussilli', '+372 469 348 0044', 'Estonia', 'gerrilee.mussilli@bo'),
('5', 'Priscilla Choak', '+65 722 977 0047', 'Singapore', 'priscilla.choak@aol.'),
('6', 'Irma Swanton', '+40 282 466 0089', 'Romania', 'irma.swanton@yahoo.c'),
('7', 'Ruttger Bourdas', '+1 501 063 0087', 'United States', 'ruttger.bourdas@hotm'),
('8', 'Bryna Ovize', '+65 097 757 0010', 'Singapore', 'bryna.ovize@gmx.de'),
('9', 'Aryn Georgius', '+90 615 168 0076', 'Turkey', 'aryn.georgius@hotmai'),
('10', 'Dulcie Waddam', '+51 029 434 0069', 'Peru', 'dulcie.waddam@yahoo.'),
('11', 'Ara Jorin', '+57 069 814 0009', 'Colombia', 'ara.jorin@yahoo.com'),
('12', 'Standford Snowling', '+43 371 495 0033', 'Austria', 'standford.snowling@h'),
('13', 'Ted Jzhakov', '+39 242 044 0020', 'Italy', 'ted.jzhakov@yahoo.fr'),
('14', 'Anallese Antoniazzi', '+51 545 868 0054', 'Peru', 'anallese.antoniazzi@'),
('15', 'Kym Goodnow', '+1 725 560 0056', 'Canada', 'kym.goodnow@yahoo.co'),
('16', 'Borden Greensite', '+65 943 478 0011', 'Singapore', 'borden.greensite@hot'),
('17', 'Avrom Prosek', '+61 935 276 0095', 'Australia', 'avrom.prosek@hotmail'),
('18', 'Audra Brockie', '+7 437 042 0055', 'Russia', 'audra.brockie@hotmai'),
('19', 'Calypso Bassil', '+212 059 619 0079', 'Morocco', 'calypso.bassil@hotma'),
('20', 'Ferdinanda Atkin', '+52 899 041 0029', 'Mexico', 'ferdinanda.atkin@gma'),
('21', 'Killy Sines', '+91 065 206 0027', 'India', 'killy.sines@hotmail.'),
('22', 'Clea Kunze', '+40 288 222 0084', 'Romania', 'clea.kunze@yahoo.com'),
('23', 'Aldo Scoggins', '+44 720 932 0087', 'United Kingdom', 'aldo.scoggins@yahoo.'),
('24', 'Debby Minelli', '+49 636 783 0051', 'Germany', 'debby.minelli@yahoo.'),
('25', 'Kane Derrett', '+91 986 533 0093', 'India', 'kane.derrett@hotmail'),
('26', 'Winfred Lippi', '+7 485 715 0049', 'Russia', 'winfred.lippi@gmail.'),
('27', 'Kally Aizikovitz', '+380 392 353 0029', 'Ukraine', 'kally.aizikovitz@gma'),
('28', 'Portie Greason', '+46 080 910 0084', 'Sweden', 'portie.greason@gmail'),
('29', 'Lorens Daingerfield', '+90 865 060 0025', 'Turkey', 'lorens.daingerfield@'),
('30', 'Jewel Plante', '+351 329 074 0049', 'Portugal', 'jewel.plante@aol.com'),
('31', 'Crawford Flaunier', '+55 230 875 0020', 'Brazil', 'crawford.flaunier@ho'),
('32', 'Abey Dowling', '+48 488 335 0072', 'Poland', 'abey.dowling@gmail.c'),
('33', 'Gannon Penrose', '+262 619 923 0053', 'Reunion', 'gannon.penrose@hotma'),
('34', 'Marion Gley', '+39 056 613 0062', 'Italy', 'marion.gley@gmail.co'),
('35', 'Jorrie Bold', '+420 821 558 0095', 'Czech Republic', 'jorrie.bold@yahoo.co'),
('36', 'Jordan Abraham', '+27 124 701 0023', 'South Africa', 'jordan.abraham@yahoo'),
('37', 'Ingaborg Boocock', '+46 583 342 0018', 'Sweden', 'ingaborg.boocock@yah'),
('38', 'Felicia Champagne', '+81 773 455 0088', 'Japan', 'felicia.champagne@gm'),
('39', 'Anjela Duffy', '+40 486 230 0011', 'Romania', 'anjela.duffy@gmail.c'),
('40', 'Gabriel Phillott', '+375 532 085 0062', 'Belarus', 'gabriel.phillott@yah'),
('41', 'Hallsy O''Sullivan', '+91 026 786 0086', 'India', 'hallsy.osullivan@yah'),
('42', 'Alika Janssens', '+81 819 776 0075', 'Japan', 'alika.janssens@gmail'),
('43', 'Torin Mothersole', '+91 847 937 0028', 'India', 'torin.mothersole@gma'),
('44', 'Clint Daubney', '+33 484 394 0049', 'France', 'clint.daubney@hotmai'),
('45', 'Barr Shine', '+44 981 968 0075', 'United Kingdom', 'barr.shine@alice.it'),
('46', 'Matilda Langfitt', '+213 080 143 0082', 'Algeria', 'matilda.langfitt@goo'),
('47', 'Tyler Colville', '+375 640 906 0013', 'Belarus', 'tyler.colville@gmail'),
('48', 'Mortimer Hayth', '+48 691 056 0083', 'Poland', 'mortimer.hayth@uol.c'),
('49', 'Falkner Iacobucci', '+48 267 283 0030', 'Poland', 'falkner.iacobucci@gm'),
('50', 'Johnath Roscow', '+420 411 347 0077', 'Czech Republic', 'johnath.roscow@yahoo'),
('51', 'Lindy Goulborn', '+48 413 150 0038', 'Poland', 'lindy.goulborn@wanad'),
('52', 'Julita Gumb', '+33 690 683 0059', 'France', 'julita.gumb@gmail.co'),
('53', 'Loni Blakely', '+39 588 224 0089', 'Italy', 'loni.blakely@yahoo.c'),
('54', 'Silva Capin', '+421 344 351 0099', 'Slovakia', 'silva.capin@hotmail.'),
('55', 'Skye Axtell', '+49 464 963 0055', 'Germany', 'skye.axtell@gmail.co'),
('56', 'Cheston Shadwick', '+49 286 360 0073', 'Germany', 'cheston.shadwick@hot'),
('57', 'Killian Haighton', '+40 327 638 0087', 'Romania', 'killian.haighton@gma'),
('58', 'Rosaleen Rawlcliffe', '+91 647 549 0053', 'India', 'rosaleen.rawlcliffe@'),
('59', 'Roselin Eivers', '+370 076 230 0093', 'Lithuania', 'roselin.eivers@yahoo'),
('60', 'Leonanie Pettie', '+359 257 533 0047', 'Bulgaria', 'leonanie.pettie@yaho'),
('61', 'Lorilyn Croyser', '+385 542 677 0054', 'Croatia', 'lorilyn.croyser@hotm'),
('62', 'Lonnie Rosenfarb', '+971 679 864 0041', 'United Arab Emirates', 'lonnie.rosenfarb@yah'),
('63', 'Cristionna Van Velde', '+54 194 479 0063', 'Argentina', 'cristionna.vanvelden'),
('64', 'Nikaniki Totaro', '+27 770 994 0017', 'South Africa', 'nikaniki.totaro@hotm'),
('65', 'Hatti Jakubovski', '+46 029 468 0033', 'Sweden', 'hatti.jakubovski@yah'),
('66', 'Abagael Bexley', '+359 152 767 0071', 'Bulgaria', 'abagael.bexley@hotma'),
('67', 'Estelle Peggrem', '+380 300 182 0027', 'Ukraine', 'estelle.peggrem@hotm'),
('68', 'Northrop Sunter', '+27 366 720 0086', 'South Africa', 'northrop.sunter@gmai'),
('69', 'Amberly Faccini', '+46 573 839 0054', 'Sweden', 'amberly.faccini@aol.'),
('70', 'Kamila Tobin', '+33 595 161 0043', 'France', 'kamila.tobin@aol.com'),
('71', 'Rene Rickcord', '+52 866 036 0008', 'Mexico', 'rene.rickcord@yahoo.'),
('72', 'Nicko Rousel', '+1 235 905 0017', 'United States', 'nicko.rousel@yahoo.c'),
('73', 'Prisca Chittim', '+91 503 563 0057', 'India', 'prisca.chittim@gmail'),
('74', 'Leroy Oldland', '+91 789 323 0094', 'India', 'leroy.oldland@hotmai'),
('75', 'Sean Sowley', '+213 419 381 0064', 'Algeria', 'sean.sowley@comcast.'),
('76', 'Ardella Lumbly', '+36 001 047 0037', 'Hungary', 'ardella.lumbly@yahoo'),
('77', 'Francisca Ferran', '+34 793 521 0011', 'Spain', 'francisca.ferran@yah'),
('78', 'Abeu Cranshaw', '+48 839 408 0079', 'Poland', 'abeu.cranshaw@gmail.'),
('79', 'Dulce Longshaw', '+33 202 509 0064', 'France', 'dulce.longshaw@sbcgl'),
('80', 'Frank Spours', '+213 738 666 0062', 'Algeria', 'frank.spours@gmail.c'),
('81', 'Desiri Chaddock', '+48 452 779 0017', 'Poland', 'desiri.chaddock@gmai'),
('82', 'Shelden Punton', '+81 121 632 0075', 'Japan', 'shelden.punton@gmail'),
('83', 'Flo O''Dowling', '+91 411 472 0056', 'India', 'flo.odowling@yahoo.c'),
('84', 'Madelaine Hirthe', '+49 268 195 0041', 'Germany', 'madelaine.hirthe@yah'),
('85', 'Andrey Medina', '+213 033 800 0069', 'Algeria', 'andrey.medina@hotmai'),
('86', 'Roana Fadell', '+48 723 783 0018', 'Poland', 'roana.fadell@hotmail'),
('87', 'Rabi Isson', '+65 161 880 0050', 'Singapore', 'rabi.isson@yahoo.com'),
('88', 'Franz Playdon', '+91 780 503 0054', 'India', 'franz.playdon@gmail.'),
('89', 'Robinett Frude', '+375 142 055 0082', 'Belarus', 'robinett.frude@hotma'),
('90', 'Winnie Eronie', '+7 850 593 0010', 'Russia', 'winnie.eronie@hotmai'),
('91', 'Aksel Swane', '+33 604 219 0066', 'France', 'aksel.swane@gmail.co'),
('92', 'Chic Gilks', '+91 450 094 0078', 'India', 'chic.gilks@gmail.com'),
('93', 'Pascal Jex', '+33 702 998 0022', 'France', 'pascal.jex@gmail.com'),
('94', 'Claire Benfield', '+1 572 660 0011', 'United States', 'claire.benfield@yaho'),
('95', 'Drud Gussie', '+65 557 684 0025', 'Singapore', 'drud.gussie@hotmail.'),
('96', 'Constantine Mooney', '+380 166 794 0017', 'Ukraine', 'constantine.mooney@y'),
('97', 'Roosevelt Muskett', '+41 054 360 0002', 'Switzerland', 'roosevelt.muskett@ma'),
('98', 'Florette Ablett', '+213 776 538 0056', 'Algeria', 'florette.ablett@yaho'),
('99', 'Cristal Creenan', '+971 447 571 0022', 'United Arab Emirates', 'cristal.creenan@gmai'),
('100', 'Morris Mawer', '+52 836 358 0014', 'Mexico', 'morris.mawer@gmail.c');




INSERT INTO Transacciones (ID_transaccion, ID_mov, Typ, Cnt, Fecha_trc, Total, ID_clnt, ID_prov) VALUES
('1', '88', 'Venta', '11', '2024-11-17', '39823.70', '17', '61'),
('2', '8', 'Compra ', '9', '2024-04-01', '56494.55', '43', '89'),
('3', '58', 'Compra ', '6', '2024-10-11', '48235.71', '76', '60'),
('4', '11', 'Venta', '7', '2024-09-11', '47874.61', '18', '21'),
('5', '30', 'Venta', '11', '2024-03-18', '40048.11', '50', '3'),
('6', '36', 'Compra ', '10', '2025-01-19', '51500.62', '38', '40'),
('7', '68', 'Compra ', '10', '2024-12-27', '40450.86', '70', '27'),
('8', '93', 'Compra ', '8', '2024-07-26', '58310.50', '58', '82'),
('9', '97', 'Compra ', '9', '2024-06-29', '50237.99', '14', '70'),
('10', '92', 'Venta', '10', '2024-06-24', '39434.78', '77', '24'),
('11', '44', 'Compra ', '12', '2024-08-09', '47595.17', '92', '100'),
('12', '67', 'Venta', '8', '2024-05-18', '62178.74', '42', '44'),
('13', '25', 'Compra ', '10', '2024-10-27', '48388.16', '37', '93'),
('14', '94', 'Compra ', '11', '2024-06-03', '55536.19', '5', '26'),
('15', '81', 'Venta', '7', '2024-09-02', '48573.44', '1', '90'),
('16', '15', 'Venta', '8', '2024-09-16', '47839.71', '27', '72'),
('17', '75', 'Venta', '10', '2025-02-16', '45016.15', '33', '77'),
('18', '56', 'Compra ', '9', '2024-08-10', '40962.28', '69', '65'),
('19', '1', 'Venta', '8', '2024-04-19', '44811.72', '80', '63'),
('20', '18', 'Compra ', '6', '2025-02-14', '38830.57', '35', '28'),
('21', '79', 'Compra ', '8', '2024-12-11', '57874.35', '30', '48'),
('22', '74', 'Venta', '13', '2024-06-02', '49176.66', '82', '99'),
('23', '61', 'Venta', '8', '2024-12-15', '46305.04', '79', '35'),
('24', '65', 'Compra ', '7', '2025-01-24', '57424.24', '75', '30'),
('25', '89', 'Compra ', '8', '2024-10-27', '61345.45', '25', '67'),
('26', '91', 'Compra ', '11', '2024-07-24', '51970.39', '83', '50'),
('27', '80', 'Venta', '9', '2025-02-02', '50519.46', '73', '10'),
('28', '53', 'Venta', '10', '2025-01-30', '46462.06', '100', '2'),
('29', '2', 'Venta', '10', '2024-10-11', '48983.46', '41', '78'),
('30', '85', 'Venta', '7', '2024-09-12', '56893.07', '47', '29'),
('31', '87', 'Venta', '10', '2024-03-13', '58803.07', '84', '57'),
('32', '71', 'Compra ', '7', '2024-05-14', '43384.66', '85', '56'),
('33', '78', 'Compra ', '9', '2024-09-05', '49339.12', '72', '98'),
('34', '83', 'Venta', '10', '2024-04-25', '43608.08', '16', '73'),
('35', '3', 'Venta', '9', '2025-02-20', '60005.12', '13', '88'),
('36', '24', 'Venta', '9', '2024-11-21', '42525.89', '99', '13'),
('37', '98', 'Venta', '10', '2024-07-23', '55983.47', '2', '69'),
('38', '13', 'Compra ', '8', '2025-01-07', '45910.77', '6', '15'),
('39', '32', 'Venta', '9', '2024-10-27', '38847.34', '94', '96'),
('40', '46', 'Compra ', '8', '2024-12-14', '52308.92', '81', '39'),
('41', '7', 'Compra ', '9', '2024-04-17', '53435.21', '53', '16'),
('42', '49', 'Compra ', '11', '2025-01-26', '37567.05', '45', '11'),
('43', '76', 'Compra ', '11', '2024-08-21', '56477.65', '51', '66'),
('44', '34', 'Venta', '10', '2024-05-03', '55320.95', '49', '53'),
('45', '9', 'Venta', '11', '2024-03-06', '51345.78', '26', '52'),
('46', '19', 'Compra ', '7', '2024-09-09', '53940.95', '39', '83'),
('47', '55', 'Compra ', '8', '2025-01-12', '50392.46', '11', '5'),
('48', '96', 'Venta', '11', '2024-11-05', '56024.00', '8', '91'),
('49', '72', 'Venta', '8', '2024-04-09', '48359.76', '71', '20'),
('50', '77', 'Venta', '11', '2024-10-04', '53416.36', '68', '45'),
('51', '17', 'Compra ', '7', '2024-10-31', '45093.09', '9', '92'),
('52', '43', 'Compra ', '7', '2024-11-12', '44657.53', '36', '7'),
('53', '33', 'Compra ', '8', '2024-08-01', '52220.11', '54', '84'),
('54', '84', 'Compra ', '9', '2024-11-23', '37721.94', '19', '25'),
('55', '21', 'Compra ', '6', '2024-09-20', '45786.94', '61', '37'),
('56', '29', 'Compra ', '9', '2024-12-03', '48661.18', '22', '33'),
('57', '42', 'Venta', '7', '2024-03-20', '49098.77', '90', '38'),
('58', '41', 'Compra ', '8', '2024-11-20', '50806.82', '88', '59'),
('59', '60', 'Compra ', '9', '2024-12-16', '55896.69', '67', '49'),
('60', '86', 'Compra ', '9', '2024-11-28', '60120.65', '64', '79'),
('61', '57', 'Compra ', '8', '2024-06-12', '61544.62', '34', '64'),
('62', '100', 'Compra ', '6', '2024-10-29', '47393.79', '78', '22'),
('63', '27', 'Venta', '8', '2024-09-27', '41774.55', '91', '85'),
('64', '39', 'Compra ', '8', '2024-10-30', '46742.19', '12', '42'),
('65', '40', 'Compra ', '11', '2024-04-11', '47210.34', '28', '31'),
('66', '31', 'Venta', '8', '2025-01-09', '38906.87', '96', '6'),
('67', '90', 'Venta', '10', '2024-11-15', '57798.03', '46', '32'),
('68', '16', 'Venta', '9', '2024-06-25', '48816.39', '97', '95'),
('69', '48', 'Compra ', '4', '2025-01-27', '43694.55', '32', '94'),
('70', '23', 'Venta', '13', '2024-11-08', '51729.83', '21', '18'),
('71', '59', 'Compra ', '13', '2025-01-29', '59950.92', '4', '14'),
('72', '22', 'Venta', '10', '2024-03-11', '57625.82', '15', '76'),
('73', '38', 'Venta', '8', '2024-05-24', '56742.04', '3', '71'),
('74', '51', 'Compra ', '12', '2024-07-10', '54398.94', '66', '81'),
('75', '99', 'Venta', '12', '2024-07-22', '60122.48', '87', '87'),
('76', '12', 'Venta', '8', '2024-06-11', '46665.57', '40', '46'),
('77', '63', 'Venta', '6', '2025-02-19', '56846.48', '20', '97'),
('78', '82', 'Venta', '8', '2025-01-16', '43548.22', '56', '43'),
('79', '64', 'Compra ', '8', '2024-10-05', '61533.68', '44', '75'),
('80', '69', 'Venta', '10', '2024-04-01', '42878.70', '55', '54'),
('81', '6', 'Venta', '10', '2024-08-18', '38469.20', '62', '23'),
('82', '28', 'Compra ', '11', '2025-02-16', '60019.12', '48', '1'),
('83', '52', 'Venta', '8', '2025-01-11', '47606.44', '86', '19'),
('84', '4', 'Venta', '11', '2024-05-14', '37582.65', '59', '62'),
('85', '95', 'Compra ', '14', '2024-06-23', '56856.61', '10', '80'),
('86', '5', 'Compra ', '10', '2025-02-21', '41137.61', '57', '58'),
('87', '26', 'Compra ', '9', '2024-06-27', '44638.88', '63', '41'),
('88', '37', 'Compra ', '10', '2025-03-03', '52222.41', '93', '55'),
('89', '50', 'Compra ', '12', '2024-04-18', '55995.43', '52', '51'),
('90', '20', 'Venta', '11', '2024-05-07', '46839.74', '98', '34'),
('91', '73', 'Compra ', '11', '2024-03-26', '58043.52', '89', '12'),
('92', '35', 'Venta', '8', '2024-08-09', '48171.40', '31', '68'),
('93', '14', 'Compra ', '12', '2024-05-03', '39755.28', '23', '8'),
('94', '66', 'Compra ', '10', '2024-05-22', '55422.92', '29', '36'),
('95', '45', 'Compra ', '11', '2024-08-29', '39436.95', '65', '4'),
('96', '54', 'Venta', '8', '2024-05-11', '43081.31', '7', '9'),
('97', '10', 'Venta', '7', '2024-07-28', '52885.67', '60', '74'),
('98', '62', 'Venta', '12', '2025-02-21', '55840.77', '95', '17'),
('99', '47', 'Compra ', '10', '2025-01-25', '62119.07', '74', '47'),
('100', '70', 'Compra ', '15', '2024-09-30', '41855.16', '24', '86');


INSERT INTO Uso_cultivos (Id_uso, ID_cult, Razon, Cntd, Fecha) VALUES
('99', '62', 'Venta', '721', '2025-02-27'),
('96', '30', 'Venta', '734', '2024-05-16'),
('82', '86', 'Venta', '3569', '2024-11-07'),
('73', '77', 'Venta', '7355', '2024-06-15'),
('66', '85', 'Venta', '6430', '2024-11-10'),
('63', '94', 'Venta', '7302', '2025-01-08'),
('61', '82', 'Venta', '5768', '2024-04-21'),
('47', '40', 'Venta', '1361', '2024-04-02'),
('40', '43', 'Venta', '2364', '2025-01-23'),
('31', '3', 'Venta', '3373', '2024-08-10'),
('27', '4', 'Venta', '5025', '2025-02-20'),
('23', '67', 'Venta', '100', '2024-07-21'),
('93', '41', 'Reforestación', '2750', '2024-08-14'),
('89', '51', 'Reforestación', '2872', '2024-05-04'),
('88', '73', 'Reforestación', '5085', '2025-01-23'),
('79', '53', 'Reforestación', '8808', '2024-08-31'),
('70', '19', 'Reforestación', '6796', '2024-09-23'),
('57', '15', 'Reforestación', '3111', '2024-10-21'),
('44', '98', 'Reforestación', '2392', '2024-06-28'),
('26', '96', 'Reforestación', '5010', '2024-12-25'),
('21', '25', 'Reforestación', '768', '2024-09-25'),
('5', '32', 'Reforestación', '4883', '2024-11-20'),
('100', '68', 'Investigación', '2963', '2024-11-01'),
('90', '65', 'Investigación', '7793', '2024-04-30'),
('80', '50', 'Investigación', '6864', '2024-03-28'),
('77', '33', 'Investigación', '7630', '2024-12-20'),
('76', '44', 'Investigación', '8899', '2024-06-08'),
('74', '37', 'Investigación', '509', '2024-03-10'),
('72', '58', 'Investigación', '3341', '2024-06-07'),
('71', '52', 'Investigación', '1586', '2024-05-03'),
('69', '99', 'Investigación', '323', '2024-05-06'),
('58', '12', 'Investigación', '7886', '2024-08-15'),
('56', '13', 'Investigación', '2489', '2024-04-27'),
('54', '10', 'Investigación', '6947', '2024-03-21'),
('45', '27', 'Investigación', '217', '2024-07-12'),
('43', '20', 'Investigación', '3838', '2024-12-24'),
('39', '45', 'Investigación', '7139', '2024-08-17'),
('35', '72', 'Investigación', '5305', '2024-12-19'),
('34', '76', 'Investigación', '5305', '2025-01-12'),
('25', '48', 'Investigación', '6222', '2024-11-30'),
('18', '87', 'Investigación', '724', '2025-02-13'),
('16', '5', 'Investigación', '4252', '2024-07-29'),
('15', '74', 'Investigación', '1878', '2024-03-30'),
('6', '31', 'Investigación', '2350', '2025-02-21'),
('98', '78', 'Exportación', '9293', '2024-08-22'),
('94', '22', 'Exportación', '4659', '2024-08-14'),
('91', '100', 'Exportación', '1142', '2024-08-09'),
('86', '64', 'Exportación', '9254', '2025-01-19'),
('85', '90', 'Exportación', '8603', '2024-11-18'),
('84', '75', 'Exportación', '1772', '2024-05-15'),
('75', '54', 'Exportación', '7937', '2024-07-09'),
('68', '46', 'Exportación', '1257', '2025-02-01'),
('50', '28', 'Exportación', '8495', '2024-09-29'),
('42', '1', 'Exportación', '315', '2024-05-30'),
('41', '38', 'Exportación', '52', '2024-11-05'),
('38', '49', 'Exportación', '3447', '2025-02-24'),
('13', '89', 'Exportación', '7242', '2024-06-24'),
('1', '35', 'Exportación', '9554', '2024-04-19'),
('92', '11', 'Conservación', '6355', '2024-12-24'),
('67', '39', 'Conservación', '4941', '2025-02-05'),
('53', '81', 'Conservación', '1774', '2024-07-02'),
('48', '84', 'Conservación', '3874', '2025-02-14'),
('37', '36', 'Conservación', '1951', '2025-01-19'),
('33', '29', 'Conservación', '1652', '2024-08-17'),
('14', '8', 'Conservación', '2183', '2024-06-07'),
('12', '56', 'Conservación', '5202', '2024-09-13'),
('10', '47', 'Conservación', '1583', '2024-07-02'),
('9', '88', 'Conservación', '2752', '2024-11-06'),
('3', '6', 'Conservación', '6085', '2024-08-17'),
('95', '34', 'Alimentación', '8422', '2024-12-09'),
('83', '21', 'Alimentación', '3320', '2025-01-09'),
('81', '95', 'Alimentación', '737', '2024-11-25'),
('65', '9', 'Alimentación', '1962', '2025-01-27'),
('64', '7', 'Alimentación', '8633', '2024-09-08'),
('60', '91', 'Alimentación', '3516', '2024-12-15'),
('59', '42', 'Alimentación', '9885', '2024-10-25'),
('55', '14', 'Alimentación', '6259', '2024-07-16'),
('52', '24', 'Alimentación', '2626', '2024-10-24'),
('36', '66', 'Alimentación', '6621', '2024-06-17'),
('29', '16', 'Alimentación', '4558', '2024-09-22'),
('28', '26', 'Alimentación', '7552', '2024-06-01'),
('24', '61', 'Alimentación', '1195', '2024-06-15'),
('22', '63', 'Alimentación', '6311', '2024-08-07'),
('17', '80', 'Alimentación', '280', '2024-11-13'),
('4', '92', 'Alimentación', '1375', '2024-05-08'),
('97', '97', '', '523', '2024-11-18'),
('87', '59', '', '3278', '2024-11-17'),
('78', '60', '', '1289', '2024-04-08'),
('62', '71', '', '4439', '2024-03-17'),
('51', '2', '', '3322', '2025-02-23'),
('49', '83', '', '8642', '2024-08-28'),
('46', '70', '', '7237', '2024-09-06'),
('32', '69', '', '5198', '2025-02-02'),
('30', '18', '', '5648', '2024-07-17'),
('20', '93', '', '3560', '2024-09-23'),
('19', '17', '', '2309', '2024-11-28'),
('11', '55', '', '4617', '2024-07-08'),
('8', '57', '', '7582', '2024-04-27'),
('7', '23', '', '7681', '2024-09-18'),
('2', '79', '', '6875', '2024-09-08');


INSERT INTO Uso_Maquinas (IDMus, ID_emp, ID_M, KM_Rec, Consumo, Fecha_uso, Hs) VALUES
('1', '33', '1', '7943', '8670', '2025-02-04', '21'),
('2', '2', '1', '6747', '3364', '2024-12-13', '16'),
('3', '2', '1', '6069', '4271', '2024-05-09', '0'),
('4', '5', '1', '109', '4442', '2024-04-07', '3'),
('5', '6', '1', '5052', '5901', '2024-07-22', '21'),
('6', '5', '1', '4554', '6715', '2024-05-29', '3'),
('7', '3', '2', '5334', '5530', '2024-07-06', '9'),
('8', '2', '2', '7280', '9099', '2024-04-12', '16'),
('9', '8', '2', '4371', '1251', '2025-01-27', '21'),
('10', '3', '57', '3507', '7420', '2024-08-11', '1'),
('11', '2', '48', '1530', '2959', '2024-03-14', '9'),
('12', '2', '74', '4362', '2099', '2024-07-07', '6'),
('13', '7', '28', '6214', '6994', '2024-04-08', '19'),
('14', '7', '97', '4497', '5357', '2024-08-18', '23'),
('15', '2', '32', '4794', '4230', '2025-02-03', '7'),
('16', '3', '75', '5526', '2532', '2025-02-03', '12'),
('17', '7', '13', '2422', '3118', '2025-02-08', '3'),
('18', '7', '21', '4940', '436', '2024-05-25', '2'),
('19', '1', '63', '7156', '3483', '2024-12-10', '9'),
('20', '1', '79', '542', '2927', '2024-04-09', '20'),
('21', '6', '17', '5948', '2330', '2025-02-16', '19'),
('22', '6', '20', '3160', '470', '2024-10-15', '8'),
('23', '3', '64', '1361', '2023', '2024-11-21', '21'),
('24', '8', '99', '539', '3325', '2024-04-01', '8'),
('25', '9', '6', '5428', '4291', '2024-12-10', '9'),
('26', '4', '43', '2793', '7900', '2024-05-21', '20'),
('27', '3', '95', '3678', '9356', '2025-01-30', '12'),
('28', '6', '92', '670', '1625', '2025-01-22', '13'),
('29', '5', '69', '7837', '6668', '2024-03-13', '5'),
('30', '8', '70', '8610', '5271', '2024-06-30', '12'),
('31', '2', '100', '2497', '6695', '2024-06-22', '10'),
('32', '6', '18', '1516', '6015', '2024-12-18', '20'),
('33', '8', '17', '1005', '7501', '2024-07-08', '0'),
('34', '8', '55', '4690', '8015', '2024-11-14', '19'),
('35', '3', '3', '6726', '7015', '2024-12-02', '5'),
('36', '1', '5', '1943', '7872', '2024-10-05', '8'),
('37', '4', '5', '8021', '9481', '2024-08-16', '6'),
('38', '9', '7', '9731', '4893', '2024-09-28', '17'),
('39', '4', '5', '7199', '6807', '2024-07-13', '13'),
('40', '11', '5', '9671', '3686', '2024-09-24', '3'),
('41', '8', '11', '2619', '1718', '2024-05-05', '21'),
('42', '14', '11', '7634', '3802', '2025-01-04', '23'),
('43', '11', '18', '5635', '6776', '2024-08-05', '13'),
('44', '7', '11', '9349', '3115', '2025-03-01', '4'),
('45', '51', '18', '1243', '4122', '2024-08-14', '18'),
('46', '12', '16', '7933', '1057', '2024-03-06', '22'),
('47', '12', '17', '3944', '3600', '2024-09-09', '1'),
('48', '12', '16', '950', '8013', '2024-09-26', '20'),
('49', '12', '1', '6775', '6212', '2024-09-08', '19'),
('50', '3', '5', '4386', '8540', '2025-01-16', '9'),
('51', '4', '7', '5837', '6002', '2024-07-25', '5'),
('52', '9', '8', '9086', '2740', '2024-03-10', '23'),
('53', '7', '8', '4192', '4527', '2024-04-11', '5'),
('54', '4', '2', '5333', '420', '2024-08-03', '17'),
('55', '5', '6', '936', '7672', '2024-04-12', '14'),
('56', '6', '24', '9314', '303', '2024-03-15', '9'),
('57', '9', '42', '6139', '9128', '2024-10-13', '13'),
('58', '5', '40', '7582', '1577', '2024-08-20', '14'),
('59', '5', '46', '5600', '7945', '2024-09-25', '18'),
('60', '8', '91', '9509', '5022', '2024-06-03', '7'),
('61', '9', '47', '6961', '1424', '2024-07-09', '13'),
('62', '1', '93', '1321', '2217', '2024-08-30', '20'),
('63', '4', '8', '9405', '9140', '2024-10-02', '12'),
('64', '2', '84', '415', '508', '2024-08-10', '8'),
('65', '4', '19', '7436', '5374', '2024-09-16', '23'),
('66', '3', '50', '8421', '8940', '2024-04-15', '7'),
('67', '8', '26', '1748', '7088', '2024-07-30', '12'),
('68', '5', '58', '2680', '1540', '2024-04-07', '5'),
('69', '9', '72', '560', '7840', '2025-02-15', '3'),
('70', '7', '29', '426', '2261', '2024-08-25', '17'),
('71', '3', '83', '5287', '4194', '2024-11-05', '13'),
('72', '4', '61', '8112', '7330', '2024-06-01', '7'),
('73', '7', '59', '6116', '8451', '2024-11-23', '4'),
('74', '1', '94', '9528', '2284', '2024-07-15', '4'),
('75', '1', '1', '8995', '109', '2024-12-10', '23'),
('76', '8', '54', '3071', '1551', '2024-10-14', '23'),
('77', '7', '81', '1404', '2182', '2024-12-22', '8'),
('78', '5', '33', '2410', '6809', '2025-02-12', '12'),
('79', '8', '9', '4695', '4394', '2024-09-28', '14'),
('80', '4', '10', '5707', '6628', '2024-04-28', '5'),
('81', '8', '90', '1946', '4759', '2024-09-23', '13'),
('82', '1', '15', '6304', '6608', '2025-03-03', '8'),
('83', '9', '15', '3487', '2585', '2024-03-18', '1'),
('84', '9', '4', '3580', '4799', '2024-09-04', '4'),
('85', '3', '22', '1658', '5784', '2025-02-08', '1'),
('86', '3', '15', '3229', '6908', '2024-05-09', '9'),
('87', '7', '85', '2400', '8495', '2025-02-18', '4'),
('88', '4', '19', '3244', '2512', '2024-12-02', '16'),
('89', '66', '19', '988', '5043', '2024-09-22', '18'),
('90', '9', '10', '3377', '5960', '2024-10-21', '1'),
('91', '5', '87', '7719', '7007', '2024-12-01', '13'),
('92', '5', '62', '323', '6808', '2024-09-12', '9'),
('93', '6', '41', '6732', '1629', '2024-08-26', '19'),
('94', '5', '30', '3112', '4892', '2024-09-19', '5'),
('95', '24', '12', '1571', '3347', '2024-07-31', '6'),
('96', '11', '76', '6185', '4131', '2025-02-17', '14'),
('97', '11', '23', '3510', '8795', '2024-05-04', '16'),
('98', '11', '77', '6007', '6549', '2024-05-26', '12'),
('99', '11', '44', '6589', '4323', '2024-12-02', '12'),
('100', '8', '98', '9474', '6161', '2024-09-21', '3');

INSERT INTO Vacunacion_Ganado (ID_vacuna, ID_ganado, Vacuna, Fecha_aplic, Dosis, Precio) VALUES
('1', '33', 'Aftosa', '2024-11-22', '1', '60.25'),
('2', '74', 'Leptospirosis', '2024-09-23', '1', '46.90'),
('3', '89', 'PI3', '2024-08-25', '1', '38.85'),
('4', '10', 'Rabia', '2025-02-05', '4', '43.95'),
('5', '59', 'Aftosa', '2025-01-13', '4', '43.47'),
('6', '27', 'Brucelosis', '2024-09-06', '2', '49.54'),
('7', '97', 'Rabia', '2024-04-29', '2', '42.32'),
('8', '17', 'Manheimia', '2024-07-24', '1', '55.44'),
('9', '93', 'PI3', '2025-01-29', '2', '51.33'),
('10', '12', 'IBR', '2024-08-20', '4', '61.16'),
('11', '1', 'Parainfluenza', '2024-07-30', '3', '40.81'),
('12', '31', 'IBR', '2024-11-01', '1', '59.57'),
('13', '96', 'Aftosa', '2024-09-23', '3', '43.33'),
('14', '94', 'Rabia', '2024-03-18', '4', '61.45'),
('15', '48', 'Parainfluenza', '2024-05-24', '1', '39.95'),
('16', '57', 'IBR', '2024-10-04', '3', '39.89'),
('17', '40', 'Parainfluenza', '2024-09-26', '2', '44.16'),
('18', '99', 'Rabia', '2024-08-05', '3', '43.60'),
('19', '55', 'Rabia', '2024-11-10', '2', '59.02'),
('20', '39', 'IBR', '2025-03-02', '4', '42.66'),
('21', '5', 'IBR', '2024-07-19', '2', '40.53'),
('22', '91', 'Leptospirosis', '2024-04-05', '1', '50.44'),
('23', '53', 'BRSV', '2024-04-08', '1', '46.03'),
('24', '75', 'Manheimia', '2024-07-06', '3', '51.89'),
('25', '83', 'Manheimia', '2025-01-18', '4', '56.29'),
('26', '65', 'Brucelosis', '2024-04-04', '1', '51.43'),
('27', '46', 'BRSV', '2024-11-28', '3', '49.88'),
('28', '69', 'IBR', '2024-07-13', '4', '52.14'),
('29', '20', 'PI3', '2024-06-29', '4', '61.44'),
('30', '38', 'IBR', '2024-04-06', '4', '52.67'),
('31', '25', 'Clostridiosis', '2024-05-10', '1', '45.18'),
('32', '56', 'Leptospirosis', '2024-05-10', '4', '57.00'),
('33', '16', 'PI3', '2024-11-24', '1', '54.61'),
('34', '100', 'Aftosa', '2025-01-04', '2', '47.28'),
('35', '13', 'BRSV', '2024-04-27', '1', '54.10'),
('36', '44', 'Aftosa', '2025-02-01', '1', '59.00'),
('37', '76', 'Leptospirosis', '2024-05-06', '4', '49.71'),
('38', '34', 'Parainfluenza', '2024-06-15', '1', '53.27'),
('39', '35', 'IBR', '2024-05-21', '4', '51.36'),
('40', '15', 'Manheimia', '2024-07-25', '3', '45.14'),
('41', '84', 'IBR', '2024-07-13', '2', '43.20'),
('42', '67', 'Parainfluenza', '2024-09-20', '2', '52.36'),
('43', '19', 'PI3', '2024-05-30', '4', '37.26'),
('44', '71', 'Aftosa', '2024-05-01', '1', '38.67'),
('45', '6', 'Parainfluenza', '2025-01-31', '3', '56.92'),
('46', '58', 'Clostridiosis', '2024-06-13', '1', '38.53'),
('47', '29', 'Leptospirosis', '2024-10-15', '1', '49.27'),
('48', '14', 'BRSV', '2024-11-07', '3', '61.21'),
('49', '98', 'IBR', '2024-10-06', '4', '60.53'),
('50', '92', 'Antsombra', '2024-11-04', '4', '55.52'),
('51', '37', 'Aftosa', '2024-08-14', '4', '59.25'),
('52', '4', 'IBR', '2024-11-26', '4', '61.50'),
('53', '41', 'IBR', '2024-11-21', '4', '38.38'),
('54', '66', 'PI3', '2025-02-17', '1', '49.94'),
('55', '60', 'BRSV', '2024-10-14', '1', '58.53'),
('56', '82', 'IBR', '2024-08-15', '3', '60.26'),
('57', '21', 'Rabia', '2024-05-04', '1', '44.89'),
('58', '36', 'Antsombra', '2024-11-12', '2', '44.31'),
('59', '64', 'Parainfluenza', '2024-08-28', '4', '46.75'),
('60', '88', 'Parainfluenza', '2024-12-14', '2', '41.29'),
('61', '18', 'BRSV', '2025-02-02', '4', '41.46'),
('62', '23', 'BRSV', '2024-06-14', '1', '47.70'),
('63', '72', 'BRSV', '2024-12-05', '4', '59.75'),
('64', '42', 'Aftosa', '2024-04-03', '1', '58.99'),
('65', '7', 'Manheimia', '2025-02-22', '3', '59.65'),
('66', '8', 'BRSV', '2024-08-28', '3', '48.97'),
('67', '90', 'Antsombra', '2025-01-17', '1', '51.18'),
('68', '77', 'BRSV', '2024-06-04', '4', '45.21'),
('69', '32', 'BRSV', '2025-02-09', '2', '58.40'),
('70', '9', 'Brucelosis', '2025-01-03', '3', '42.15'),
('71', '87', 'Brucelosis', '2024-12-02', '3', '61.92'),
('72', '51', 'Parainfluenza', '2024-12-27', '1', '37.03'),
('73', '22', 'PI3', '2025-01-13', '1', '39.19'),
('74', '95', 'Rabia', '2024-03-12', '4', '48.72'),
('75', '61', 'BRSV', '2025-01-02', '2', '52.57'),
('76', '28', 'Clostridiosis', '2025-01-25', '4', '44.29'),
('77', '26', 'IBR', '2024-08-02', '1', '38.38'),
('78', '3', 'Parainfluenza', '2024-10-29', '4', '38.87'),
('79', '81', 'Leptospirosis', '2024-03-23', '4', '45.33'),
('80', '79', 'BRSV', '2024-03-23', '3', '42.63'),
('81', '73', 'Clostridiosis', '2024-06-27', '1', '55.41'),
('82', '47', 'Antsombra', '2024-08-05', '2', '56.54'),
('83', '45', 'Rabia', '2025-01-03', '2', '55.73'),
('84', '63', 'Rabia', '2024-09-04', '3', '61.90'),
('85', '50', 'Clostridiosis', '2024-12-01', '2', '40.32'),
('86', '62', 'Clostridiosis', '2024-11-29', '3', '59.41'),
('87', '80', 'Clostridiosis', '2024-05-09', '2', '46.89'),
('88', '78', 'BRSV', '2024-06-14', '1', '39.03'),
('89', '49', 'Leptospirosis', '2024-12-09', '4', '53.49'),
('90', '70', 'IBR', '2024-11-16', '4', '40.90'),
('91', '43', 'Brucelosis', '2024-06-03', '3', '56.90'),
('92', '52', 'Parainfluenza', '2025-02-24', '3', '40.74'),
('93', '54', 'PI3', '2024-06-30', '3', '50.85'),
('94', '85', 'Aftosa', '2024-11-28', '4', '55.58'),
('95', '11', 'IBR', '2025-01-18', '2', '39.25'),
('96', '86', 'Parainfluenza', '2024-10-16', '4', '47.16'),
('97', '68', 'IBR', '2024-10-06', '3', '40.71'),
('98', '2', 'Manheimia', '2024-06-18', '4', '61.36'),
('99', '30', 'Clostridiosis', '2024-05-15', '4', '40.73'),
('100', '24', 'Clostridiosis', '2024-05-02', '2', '41.61');


